playerID,R,RBI,SB,AVG,SLG,Games_C,Games_2B,Games_3B,Games_SS,HOF_member
aaronha01,1077.0,1121.0,103.0,0.31952861952861955,0.5722222222222222,0.0,29.0,7.0,0.0,1
adamssp01,779.0,364.0,151.0,0.28817541111981204,0.3561080657791699,0.0,511.0,464.0,297.0,0
adcocjo01,513.0,637.0,9.0,0.28286445012787725,0.4856777493606138,0.0,0.0,0.0,0.0,0
ageeto01,553.0,425.0,167.0,0.25703125,0.415625,0.0,0.0,0.0,0.0,0
alfoned01,736.0,696.0,51.0,0.2878296146044625,0.43569979716024343,0.0,535.0,777.0,34.0,0
allendi01,884.0,887.0,103.0,0.29913323926627694,0.5533158637371498,0.0,3.0,651.0,3.0,0
alleyge01,439.0,342.0,63.0,0.2549019607843137,0.3560371517027864,0.0,126.0,24.0,973.0,0
allisbo01,777.0,762.0,81.0,0.25675675675675674,0.47740709459459457,0.0,0.0,0.0,0.0,0
alomaro01,893.0,653.0,322.0,0.3038461538461538,0.4399267399267399,0.0,1381.0,0.0,5.0,1
aloufe01,675.0,571.0,75.0,0.28876055086628166,0.46357174589071526,0.0,0.0,5.0,2.0,0
alouma01,569.0,274.0,119.0,0.309377307408319,0.38247600295348266,0.0,0.0,0.0,0.0,0
aloumo01,742.0,895.0,89.0,0.3032752020416844,0.5142492556358996,0.0,0.0,0.0,0.0,0
anderbr01,726.0,529.0,226.0,0.26103603603603603,0.4349099099099099,0.0,0.0,0.0,0.0,0
anderga01,760.0,946.0,68.0,0.2992861998640381,0.4770564242012237,0.0,0.0,0.0,0.0,0
aparilu01,806.0,456.0,392.0,0.25780981805698594,0.3412289735667697,0.0,0.0,0.0,1483.0,1
applilu01,789.0,692.0,87.0,0.3158111729540301,0.4114615543186972,0.0,39.0,14.0,1242.0,1
ashburi01,930.0,446.0,160.0,0.3116271243479724,0.39037523136463065,0.0,0.0,0.0,0.0,1
aurilri01,597.0,581.0,18.0,0.2749772933696639,0.4336966394187103,0.0,86.0,47.0,1051.0,0
averiea01,1146.0,1077.0,66.0,0.3225145199863341,0.5421933720532969,0.0,0.0,0.0,0.0,1
avilabo01,722.0,464.0,78.0,0.28072079895788105,0.3881893182805037,0.0,1163.0,50.0,9.0,0
baergca01,659.0,686.0,52.0,0.29124193883919286,0.4268774703557312,0.0,1024.0,173.0,50.0,0
bagweje01,1073.0,1093.0,167.0,0.3047298560478594,0.5524397083567022,0.0,0.0,0.0,0.0,1
bailebo01,559.0,535.0,68.0,0.25322652425456166,0.39052069425901204,0.0,0.0,954.0,7.0,0
baileed01,414.0,509.0,17.0,0.2573814494482553,0.43483447658813,985.0,0.0,0.0,0.0,0
baineha01,679.0,835.0,29.0,0.28845795263844864,0.4620548200633974,0.0,0.0,0.0,0.0,0
bakerdu01,704.0,741.0,107.0,0.28055009823182714,0.44341846758349707,0.0,0.0,0.0,0.0,0
bancrda01,777.0,372.0,116.0,0.27923771313941825,0.36188565697091274,0.0,14.0,0.0,1262.0,1
bandosa01,736.0,795.0,60.0,0.25463776606131616,0.4176918570591681,0.0,1.0,1439.0,5.0,0
bankser01,876.0,1020.0,42.0,0.2828958957195702,0.5351418002466092,0.0,0.0,61.0,1115.0,1
barfije01,700.0,700.0,61.0,0.2591376668855329,0.4731888815933465,0.0,0.0,0.0,0.0,0
bartedi01,805.0,486.0,72.0,0.296260969095765,0.4072872949256009,0.0,112.0,1.0,1221.0,0
basske01,503.0,506.0,134.0,0.2713900465800441,0.41676881588624665,0.0,0.0,0.0,0.0,0
batisto01,615.0,702.0,47.0,0.25072755764495186,0.45533915379449297,0.0,94.0,805.0,260.0,0
batteea01,382.0,442.0,13.0,0.27114782113358016,0.40928510395898604,1059.0,0.0,0.0,0.0,0
bauerha01,742.0,606.0,43.0,0.2813567038470294,0.4507170498520373,1.0,0.0,0.0,0.0,0
baylodo01,728.0,722.0,248.0,0.2645962732919255,0.43561076604554866,0.0,0.0,0.0,0.0,0
beckegl01,683.0,360.0,49.0,0.28255007704160245,0.3447611710323575,0.0,1242.0,1.0,1.0,0
bellbu01,671.0,634.0,35.0,0.2834480122324159,0.40462538226299694,0.0,0.0,1206.0,37.0,0
bellde01,637.0,667.0,167.0,0.2764835164835165,0.4224175824175824,0.0,0.0,19.0,0.0,0
belleal01,902.0,1133.0,88.0,0.2969076076645798,0.5744640485676342,0.0,0.0,0.0,0.0,0
bellge02,773.0,921.0,65.0,0.2826281021246206,0.47759328691305125,0.0,1.0,8.0,0.0,0
bellgu01,737.0,817.0,25.0,0.28685037913815425,0.4603292028851489,0.0,0.0,0.0,0.0,0
bellja01,735.0,536.0,72.0,0.2693935119887165,0.4033850493653032,0.0,0.0,7.0,1324.0,0
benchjo01,817.0,1032.0,55.0,0.27011704462326264,0.48756400877834677,1365.0,0.0,46.0,0.0,1
bergewa01,806.0,893.0,35.0,0.3001953125,0.5224609375,0.0,0.0,0.0,0.0,0
bernato01,512.0,383.0,112.0,0.26206140350877194,0.3873355263157895,0.0,984.0,0.0,24.0,0
berrayo01,820.0,999.0,20.0,0.29356514788169463,0.4968025579536371,1222.0,0.0,1.0,0.0,1
bicheda01,704.0,861.0,139.0,0.30067001675041877,0.5012562814070352,0.0,0.0,1.0,0.0,0
biggicr01,874.0,545.0,268.0,0.28800940438871475,0.42554858934169276,427.0,895.0,0.0,0.0,1
bishoma01,882.0,343.0,40.0,0.27239621267297887,0.3702354940519544,0.0,1139.0,0.0,0.0,0
blairpa01,657.0,520.0,135.0,0.26221294363256786,0.4058455114822547,0.0,0.0,2.0,0.0,0
blasido01,708.0,296.0,102.0,0.25963248369887376,0.32918395573997233,0.0,1245.0,4.0,49.0,0
blausje01,594.0,454.0,61.0,0.26810477657935283,0.4152542372881356,0.0,106.0,106.0,964.0,0
bluegos01,647.0,638.0,119.0,0.2768324607329843,0.37085514834205935,0.0,29.0,1246.0,27.0,0
bluelu01,981.0,590.0,121.0,0.288200769075086,0.40720501922687713,0.0,0.0,0.0,0.0,0
bochtbr01,538.0,555.0,37.0,0.28373466606088144,0.3968650613357565,0.0,0.0,0.0,0.0,0
boggswa01,1005.0,637.0,15.0,0.344797332865415,0.4711352868924373,0.0,0.0,1403.0,0.0,1
bollifr01,621.0,488.0,39.0,0.2554166666666667,0.37125,0.0,1304.0,0.0,0.0,0
bondsba01,999.0,864.0,340.0,0.2860557768924303,0.5406374501992032,0.0,0.0,0.0,0.0,0
bondsbo01,1009.0,806.0,364.0,0.2713667508113956,0.47980526505589616,0.0,0.0,0.0,0.0,0
bonilbo01,809.0,849.0,36.0,0.2835677133500289,0.4868040839915238,0.0,0.0,718.0,0.0,0
boonebo01,387.0,510.0,22.0,0.2588178058866456,0.3665774750668937,1224.0,0.0,7.0,0.0,0
boonebr01,694.0,769.0,63.0,0.2685018950728107,0.44165170556552963,0.0,1337.0,2.0,0.0,0
boonera01,611.0,702.0,19.0,0.27623670827554325,0.43411927877947293,0.0,1.0,507.0,460.0,0
bordimi01,568.0,506.0,77.0,0.2621963877932323,0.3597674901390907,0.0,105.0,1.0,1324.0,0
bottoji01,892.0,1070.0,47.0,0.32500484214603914,0.536509781134999,0.0,1.0,0.0,0.0,1
boudrlo01,747.0,651.0,49.0,0.29912315663611,0.4242726185731367,3.0,0.0,0.0,1337.0,1
bowala01,725.0,351.0,251.0,0.26238377007607777,0.3227387996618766,0.0,1.0,0.0,1481.0,0
boyerke01,917.0,926.0,95.0,0.2959130884635282,0.4847387480600103,0.0,0.0,1396.0,31.0,0
brandja01,533.0,482.0,44.0,0.2620348685922456,0.41399947957325006,0.0,1.0,25.0,0.0,0
brettge01,850.0,797.0,131.0,0.31725840136700206,0.5050313271311943,0.0,0.0,1296.0,8.0,1
briggjo02,473.0,390.0,49.0,0.2536434108527132,0.4186046511627907,0.0,0.0,0.0,0.0,0
brocklo01,1006.0,537.0,502.0,0.2915927061481362,0.4318218492819106,0.0,0.0,0.0,0.0,1
brosisc01,522.0,514.0,51.0,0.25870380289234063,0.4231387252276379,0.0,3.0,915.0,39.0,0
brunato01,706.0,776.0,63.0,0.24715962004097597,0.43695287763084373,0.0,0.0,0.0,0.0,0
brutobi01,811.0,464.0,179.0,0.27406417112299464,0.39438502673796794,0.0,0.0,0.0,0.0,0
bucknbi01,569.0,541.0,117.0,0.29669200739675367,0.4051777275529073,0.0,0.0,0.0,0.0,0
buechst01,491.0,538.0,17.0,0.2473404255319149,0.39990328820116056,0.0,92.0,1228.0,5.0,0
bufordo01,709.0,413.0,199.0,0.2640212813123476,0.3790733761915318,0.0,390.0,343.0,0.0,0
buhneja01,673.0,794.0,6.0,0.25736738703339884,0.4995088408644401,0.0,0.0,0.0,0.0,0
bumbral01,699.0,362.0,237.0,0.2849186901314324,0.3829360659389619,0.0,0.0,0.0,0.0,0
burksel01,789.0,720.0,145.0,0.2886284722222222,0.4926215277777778,0.0,0.0,0.0,0.0,0
burleri01,628.0,436.0,72.0,0.2735868034600684,0.36290484811909074,0.0,92.0,6.0,1150.0,0
burnije01,768.0,830.0,67.0,0.25441619991383024,0.49569151227919,0.0,0.0,0.0,0.0,0
burnsge01,968.0,508.0,357.0,0.2902621722846442,0.38764044943820225,0.0,0.0,1.0,0.0,0
burnsge02,552.0,571.0,95.0,0.29833333333333334,0.41619047619047617,0.0,0.0,0.0,0.0,0
burroje01,606.0,738.0,15.0,0.26113943693194414,0.4460208379516737,0.0,0.0,0.0,0.0,0
bushdo01,991.0,337.0,353.0,0.24703737465815861,0.2982680036463081,0.0,0.0,1.0,1476.0,0
butlebr01,945.0,396.0,387.0,0.2867030965391621,0.3765027322404372,0.0,0.0,0.0,0.0,0
caldeiv01,468.0,443.0,96.0,0.2725060827250608,0.4422141119221411,0.0,0.0,0.0,0.0,0
callijo01,720.0,614.0,58.0,0.2695829094608342,0.45534079348931844,0.0,0.0,0.0,0.0,0
camildo01,904.0,924.0,55.0,0.2799686089856778,0.5006866784382971,0.0,0.0,0.0,0.0,0
caminke01,679.0,752.0,73.0,0.2764442636289666,0.43999186330349876,0.0,0.0,1323.0,0.0,0
campabe01,770.0,390.0,454.0,0.2598074179743224,0.3539586305278174,1.0,1.0,7.0,1283.0,0
camparo01,627.0,856.0,25.0,0.2760998810939358,0.49964328180737216,1183.0,0.0,0.0,0.0,1
campbbr01,710.0,693.0,53.0,0.2903373881110856,0.45880192793206337,0.0,0.0,0.0,0.0,0
cansejo01,780.0,938.0,152.0,0.26998916576381365,0.5159263271939328,0.0,0.0,0.0,0.0,0
cardejo02,699.0,585.0,261.0,0.2716520412056467,0.39793971766501335,0.0,1.0,7.0,0.0,0
cardele01,482.0,483.0,31.0,0.2637837837837838,0.3783783783783784,0.0,0.0,0.0,1298.0,0
carewro01,737.0,563.0,221.0,0.32799208704253213,0.4336300692383778,0.0,1120.0,2.0,4.0,1
careyma01,799.0,401.0,444.0,0.27458937198067634,0.36367149758454104,0.0,0.0,0.0,0.0,1
carrach01,568.0,474.0,31.0,0.258182601205857,0.3415159345391904,0.0,22.0,49.0,1241.0,0
cartega01,678.0,788.0,32.0,0.27128831897415345,0.4600280504908836,1251.0,0.0,1.0,0.0,1
cartejo01,813.0,993.0,188.0,0.26316704328176604,0.47123240048670256,0.0,1.0,1.0,0.0,0
cartyri01,538.0,640.0,16.0,0.3071621954221019,0.4715727295102141,17.0,0.0,1.0,0.0,0
casege01,760.0,364.0,342.0,0.28415187783739165,0.36070986380520015,0.0,0.0,0.0,0.0,0
caseyse01,675.0,717.0,17.0,0.30162651842701255,0.4502779493514515,0.0,0.0,0.0,0.0,0
cashda01,699.0,399.0,112.0,0.28728414442700156,0.3642072213500785,0.0,1190.0,41.0,3.0,0
cashno01,714.0,772.0,38.0,0.27387387387387385,0.4990990990990991,0.0,0.0,0.0,0.0,0
castilu01,803.0,340.0,305.0,0.29775280898876405,0.3620689655172414,0.0,1306.0,0.0,0.0,0
cavarph01,644.0,590.0,47.0,0.2916182957975389,0.4139772463431623,0.0,0.0,0.0,0.0,0
cedence01,777.0,671.0,427.0,0.28861376090927543,0.4570732697381774,0.0,0.0,0.0,0.0,0
cepedor01,878.0,1004.0,120.0,0.3036985587775656,0.5136308386872721,0.0,0.0,4.0,0.0,1
ceyro01,712.0,839.0,20.0,0.2642457021440989,0.44562487927371064,0.0,0.0,1457.0,0.0,0
chambch01,676.0,678.0,26.0,0.2819767441860465,0.41424418604651164,0.0,0.0,0.0,0.0,0
chapmbe01,1009.0,880.0,269.0,0.3075389633925335,0.45161290322580644,0.0,56.0,92.0,1.0,0
chapmsa01,751.0,772.0,41.0,0.2668414683340056,0.4386849536103267,0.0,0.0,0.0,0.0,0
cirilje01,714.0,658.0,60.0,0.29964127453049166,0.4365899978898502,0.0,29.0,1287.0,2.0,0
clarkho01,548.0,304.0,151.0,0.25555786411801373,0.31311032619987533,0.0,1102.0,21.0,64.0,0
clarkja01,685.0,693.0,55.0,0.27671488567428837,0.4799346710219319,0.0,0.0,2.0,0.0,0
clarkwi02,845.0,881.0,57.0,0.30183881064162754,0.49726134585289516,0.0,0.0,0.0,0.0,0
clemero01,741.0,657.0,49.0,0.3068971997744785,0.4440894568690096,0.0,2.0,1.0,0.0,1
clenddo01,574.0,671.0,89.0,0.2760777306231852,0.4467277194549922,0.0,0.0,1.0,0.0,0
cliftha01,1017.0,773.0,67.0,0.27716061005460363,0.4518922990020712,0.0,6.0,1427.0,1.0,0
cobbty01,1001.0,899.0,582.0,0.37206112852664575,0.5182210031347962,0.0,1.0,0.0,0.0,1
cochrmi01,897.0,756.0,58.0,0.32134980149977943,0.4827966475518306,1272.0,0.0,0.0,0.0,1
colavro01,849.0,1013.0,14.0,0.27306547619047616,0.5093005952380952,0.0,0.0,0.0,0.0,0
colbena01,468.0,510.0,48.0,0.24630690382876091,0.45764244799517634,0.0,0.0,1.0,0.0,0
colemvi01,773.0,313.0,698.0,0.26375437873480323,0.34246857613847104,0.0,0.0,0.0,0.0,0
collied01,996.0,668.0,505.0,0.32910906298003073,0.4274193548387097,0.0,1403.0,0.0,29.0,1
combsea01,1129.0,595.0,95.0,0.3266210973582117,0.4673933123960835,0.0,0.0,0.0,0.0,1
conceda01,572.0,529.0,220.0,0.2696724797958316,0.3702679710761378,0.0,14.0,22.0,1303.0,0
coninje01,593.0,746.0,35.0,0.288560411311054,0.455012853470437,0.0,0.0,65.0,0.0,0
coopece01,775.0,832.0,67.0,0.3095099748208406,0.4937052101491381,0.0,0.0,0.0,0.0,0
cowenal01,580.0,564.0,110.0,0.2712243074173369,0.39745308310991956,0.0,0.0,7.0,0.0,0
cramedo01,923.0,527.0,39.0,0.30641748942172076,0.3926304654442877,0.0,0.0,0.0,0.0,0
crandde01,496.0,554.0,21.0,0.25709939148073024,0.42266734279918866,1135.0,0.0,0.0,0.0,0
cravaga01,568.0,710.0,86.0,0.2888318356867779,0.48189987163029524,0.0,0.0,0.0,0.0,0
critzhu01,736.0,477.0,92.0,0.2747081712062257,0.3622568093385214,0.0,1257.0,0.0,2.0,0
cromawa01,449.0,389.0,48.0,0.28310263776442934,0.4071559153826064,0.0,0.0,0.0,0.0,0
cronijo01,785.0,921.0,65.0,0.3022186687987208,0.4559264441335199,0.0,1.0,21.0,1282.0,1
crosefr01,835.0,525.0,98.0,0.24695863746958638,0.36638280616382807,0.0,2.0,69.0,1207.0,0
cruzjo01,565.0,570.0,216.0,0.28246067151913595,0.41911246771542615,0.0,0.0,0.0,0.0,0
cruzjo02,670.0,602.0,107.0,0.24915139171758316,0.45259108395564607,0.0,0.0,0.0,0.0,0
cuccito01,622.0,742.0,30.0,0.28519927899058684,0.40817144001602246,0.0,1136.0,202.0,4.0,0
cullero01,615.0,590.0,24.0,0.2762329485834208,0.4325813221406086,0.0,0.0,31.0,0.0,0
cunnijo01,524.0,436.0,16.0,0.29215159653834677,0.41778573560131305,0.0,0.0,0.0,0.0,0
cutshge01,557.0,579.0,258.0,0.26551516368748745,0.3472584856396867,0.0,1311.0,5.0,1.0,0
cuyleki01,974.0,825.0,271.0,0.33070866141732286,0.5023218251564708,0.0,0.0,0.0,0.0,1
danniha01,360.0,393.0,13.0,0.2882758620689655,0.4189655172413793,776.0,0.0,0.0,0.0,0
darkal01,898.0,631.0,56.0,0.29239167519617876,0.42101671784373934,0.0,26.0,13.0,1383.0,0
daubeja01,727.0,459.0,198.0,0.3016309687561407,0.390253487915111,0.0,0.0,0.0,0.0,0
daultda01,425.0,514.0,41.0,0.24478665383381457,0.425088225858197,935.0,0.0,0.0,0.0,0
davisch01,735.0,752.0,111.0,0.2687535789272762,0.4319526627218935,0.0,0.0,0.0,0.0,0
daviser01,646.0,632.0,301.0,0.26153846153846155,0.4827972027972028,0.0,0.0,0.0,0.0,0
davisgl01,496.0,586.0,28.0,0.2629055007052186,0.476163610719323,0.0,0.0,0.0,0.0,0
davisjo02,364.0,489.0,7.0,0.2459938150126511,0.40539780714084905,1035.0,0.0,0.0,0.0,0
davisto02,590.0,733.0,106.0,0.29522081064730793,0.4212542851381327,0.0,0.0,145.0,0.0,0
daviswi02,745.0,609.0,275.0,0.2730547550432277,0.40237752161383283,0.0,0.0,0.0,0.0,0
dawsoan01,819.0,831.0,252.0,0.2805340068554934,0.47862168500811836,0.0,0.0,0.0,0.0,1
decindo01,591.0,638.0,52.0,0.2642971064023696,0.45112781954887216,0.0,41.0,1160.0,17.0,0
deerro01,564.0,588.0,42.0,0.22064617809298662,0.44129235618597323,0.0,0.0,0.0,0.0,0
delgaca01,946.0,1138.0,8.0,0.28773318258903335,0.5662332768042209,0.0,0.0,0.0,0.0,0
demarfr02,565.0,570.0,32.0,0.3009364717792964,0.4201467982789167,0.0,0.0,0.0,0.0,0
deshide01,713.0,428.0,393.0,0.26943444185553905,0.3732260114382546,0.0,1239.0,0.0,10.0,0
dickebi01,684.0,897.0,26.0,0.32222472416122494,0.5100202657059221,1180.0,0.0,0.0,0.0,1
dimagdo01,1046.0,618.0,100.0,0.297853468156821,0.4190172077346106,0.0,0.0,0.0,0.0,0
dimagjo01,1146.0,1277.0,30.0,0.33036191834551615,0.5890533071848815,0.0,0.0,0.0,0.0,1
dimagvi01,487.0,581.0,79.0,0.25164864151938804,0.4178317066737009,0.0,1.0,1.0,1.0,0
dobyla01,910.0,910.0,46.0,0.2853107344632768,0.4963680387409201,0.0,0.0,0.0,0.0,1
doerrbo01,746.0,834.0,44.0,0.285288862418106,0.4468929918602343,0.0,1320.0,0.0,0.0,1
doranbi02,709.0,485.0,203.0,0.26658624849215923,0.37575392038600725,0.0,1316.0,4.0,16.0,0
douthta01,640.0,383.0,64.0,0.29322548028311424,0.3857431749241658,0.0,0.0,0.0,0.0,0
downibr01,583.0,525.0,31.0,0.26686656671664166,0.40879560219890054,648.0,0.0,0.0,0.0,0
driesda01,577.0,585.0,144.0,0.2696328713834184,0.41453926574276684,0.0,0.0,213.0,0.0,0
durhale01,506.0,521.0,106.0,0.2798258345428157,0.4798258345428157,0.0,0.0,0.0,0.0,0
durhara01,983.0,604.0,242.0,0.2789030292167055,0.4352034414769672,0.0,1358.0,0.0,0.0,0
dyeje01,639.0,697.0,34.0,0.27191166321601107,0.4688290775247297,0.0,0.0,0.0,1.0,0
dykesji01,613.0,475.0,41.0,0.28142011834319525,0.4063905325443787,0.0,640.0,396.0,54.0,0
dykstle01,744.0,373.0,272.0,0.2867417885399185,0.4224406617118197,0.0,0.0,0.0,0.0,0
eckstda01,701.0,392.0,123.0,0.2804999008133307,0.35528664947431066,0.0,282.0,0.0,974.0,0
edmonji01,868.0,794.0,46.0,0.2937541381593467,0.5354226440079453,0.0,0.0,0.0,0.0,0
edwarjo01,347.0,424.0,10.0,0.24038191519236168,0.35523729289525413,1075.0,0.0,0.0,0.0,0
elliobo01,803.0,903.0,54.0,0.2915500839395635,0.43667226263756764,0.0,2.0,985.0,2.0,0
engliwo01,781.0,407.0,54.0,0.2877995642701525,0.3806100217864924,0.0,19.0,363.0,811.0,0
ennisde01,811.0,1029.0,37.0,0.2892750570475689,0.48411444619975424,0.0,0.0,0.0,0.0,0
erstada01,810.0,620.0,169.0,0.2874297888824327,0.4173929885725354,0.0,0.0,0.0,0.0,0
evansda01,740.0,709.0,73.0,0.24954388810054734,0.42063652949523617,0.0,0.0,1158.0,0.0,0
evansdw01,689.0,606.0,45.0,0.26916016521340064,0.4676457090408444,0.0,0.0,0.0,0.0,0
evereca01,605.0,666.0,97.0,0.27860948997716317,0.47602131438721135,0.0,0.0,0.0,0.0,0
eversho01,535.0,561.0,44.0,0.2789687924016282,0.43012211668928085,0.0,0.0,0.0,0.0,0
fairlro01,514.0,569.0,17.0,0.2631709126885976,0.3925302992827109,0.0,0.0,0.0,0.0,0
falkbi01,624.0,754.0,46.0,0.31493071077335716,0.4492624050067054,0.0,0.0,0.0,0.0,0
fernato01,735.0,541.0,202.0,0.2850284495021337,0.3902916073968706,0.0,0.0,10.0,1438.0,0
ferreri01,493.0,518.0,20.0,0.2910039113428944,0.38852672750977835,1124.0,0.0,0.0,0.0,1
fieldce01,682.0,911.0,2.0,0.25741710296684117,0.49105584642233857,0.0,2.0,5.0,0.0,0
finlest01,805.0,546.0,234.0,0.275105809926895,0.4193920738745671,0.0,0.0,0.0,0.0,0
fiskca01,664.0,607.0,64.0,0.2825090470446321,0.47117008443908326,1067.0,0.0,4.0,0.0,1
flackma01,729.0,342.0,192.0,0.28029987505206166,0.3667221990837151,0.0,0.0,0.0,0.0,0
fletcar01,574.0,554.0,149.0,0.2770736046253058,0.3600177896375361,0.0,26.0,33.0,1177.0,0
fletcel01,707.0,607.0,30.0,0.2720541569705945,0.39242648614343134,0.0,0.0,0.0,0.0,0
floodcu01,694.0,516.0,68.0,0.29328621908127206,0.3957597173144876,0.0,1.0,2.0,0.0,0
floydcl01,613.0,629.0,126.0,0.28578961244397577,0.49960453466912735,0.0,0.0,0.0,0.0,0
fosteed02,678.0,431.0,189.0,0.26725460122699385,0.33243865030674846,0.0,249.0,1089.0,0.0,0
fostege01,685.0,860.0,46.0,0.28606194690265485,0.5099557522123894,0.0,0.0,0.0,0.0,0
fournja01,713.0,744.0,133.0,0.3185419968304279,0.49309486076522524,0.0,0.0,0.0,0.0,0
foxne01,860.0,485.0,65.0,0.29783896828163126,0.37748344370860926,0.0,1423.0,0.0,0.0,1
foxpe01,750.0,566.0,124.0,0.2993472878685573,0.4260634706279541,0.0,0.0,0.0,0.0,0
foxxji01,1095.0,1213.0,60.0,0.33879781420765026,0.6397490386561425,50.0,0.0,119.0,1.0,1
francju01,870.0,752.0,228.0,0.30127322780454235,0.41345492085340674,0.0,619.0,0.0,704.0,0
francti01,546.0,512.0,41.0,0.2753046505844317,0.41755782143745335,0.0,0.0,0.0,0.0,0
freehbi01,550.0,591.0,20.0,0.2616965456930477,0.4164844774814167,1243.0,0.0,0.0,0.0,0
fregoji01,684.0,543.0,71.0,0.2687368219283113,0.40368027602070156,0.0,0.0,0.0,1356.0,0
freylo01,756.0,502.0,93.0,0.2699411406535417,0.37994722955145116,0.0,871.0,22.0,386.0,0
friscfr01,920.0,688.0,301.0,0.3210657465976615,0.44680851063829785,0.0,914.0,347.0,54.0,1
frymatr01,726.0,823.0,70.0,0.2739567233384853,0.44880216383307575,0.0,0.0,996.0,338.0,0
fuentti01,510.0,384.0,76.0,0.26468155500413565,0.3436724565756824,0.0,1104.0,61.0,147.0,0
furilca01,705.0,812.0,47.0,0.3012535382126971,0.4575414476344521,0.0,0.0,0.0,0.0,0
gaettga01,700.0,821.0,79.0,0.2550009010632546,0.43106866102000363,0.0,1.0,1455.0,13.0,0
gagnegr01,555.0,440.0,99.0,0.25485607301661595,0.38989000702082843,0.0,6.0,1.0,1367.0,0
galanau01,659.0,528.0,98.0,0.2770605759682224,0.4044190665342602,0.0,56.0,3.0,3.0,0
galaran01,660.0,757.0,80.0,0.2843075633773308,0.47412528807877646,0.0,0.0,0.0,0.0,0
gamblos01,474.0,454.0,38.0,0.27264409881061297,0.45166209210125036,0.0,0.0,0.0,0.0,0
gantro01,787.0,770.0,211.0,0.25647936968691687,0.4725274725274725,0.0,122.0,75.0,0.0,0
garcino01,862.0,868.0,87.0,0.3169055566463774,0.5281759277439623,0.0,0.0,77.0,981.0,0
gardnla01,606.0,606.0,149.0,0.2842148590244906,0.37744391850174935,0.0,175.0,1184.0,0.0,0
garneph01,639.0,621.0,202.0,0.26221434200157606,0.39164696611505123,0.0,936.0,520.0,32.0,0
garrewa01,438.0,340.0,38.0,0.23926940639269406,0.3409436834094368,0.0,195.0,792.0,32.0,0
garrra01,685.0,395.0,165.0,0.3077390599675851,0.4211912479740681,0.0,0.0,0.0,0.0,0
garvest01,715.0,836.0,68.0,0.30495269894268223,0.46967167501391205,0.0,0.0,164.0,0.0,0
gehrich01,1094.0,887.0,136.0,0.32171913689423415,0.48195967456667843,0.0,1383.0,6.0,0.0,1
gehrilo01,1333.0,1436.0,81.0,0.34337561663143057,0.6425299506694856,0.0,0.0,0.0,1.0,1
gibsoki01,666.0,599.0,206.0,0.2740105873456012,0.4751701537685909,0.0,0.0,0.0,0.0,0
gilesbr02,857.0,855.0,93.0,0.29868732515601465,0.5409941897998709,0.0,0.0,0.0,0.0,0
gilkebe01,587.0,529.0,109.0,0.2742225648933436,0.43407864302235927,0.0,0.0,0.0,0.0,0
gilliji01,958.0,427.0,169.0,0.26711480629754114,0.3585706704404741,0.0,895.0,470.0,0.0,0
gladdda01,657.0,437.0,218.0,0.27061739522307343,0.3832807570977918,0.0,1.0,1.0,0.0,0
glaustr01,766.0,778.0,56.0,0.25401129943502826,0.5001129943502824,0.0,0.0,1182.0,18.0,0
gonzaju03,843.0,1123.0,22.0,0.2954103461688059,0.5702061454686892,0.0,0.0,0.0,0.0,0
gonzalu01,749.0,775.0,100.0,0.2817733990147783,0.4604926108374384,0.0,0.0,0.0,0.0,0
gonzato01,592.0,510.0,73.0,0.2904335856847901,0.42601514108740535,0.0,0.0,0.0,0.0,0
goodmbi01,723.0,496.0,33.0,0.30595570844979575,0.3883035906256719,0.0,581.0,101.0,6.0,0
goodmiv01,595.0,513.0,48.0,0.28155596718708653,0.44853135750198464,0.0,0.0,0.0,0.0,0
gordojo01,855.0,918.0,85.0,0.27027533245926205,0.46806518074545794,0.0,1414.0,0.0,2.0,1
gordosi01,706.0,773.0,19.0,0.2858345611450221,0.470427278467691,0.0,3.0,409.0,0.0,0
gosligo01,938.0,1058.0,134.0,0.32845914823615424,0.526411990495339,0.0,0.0,0.0,0.0,1
gracema01,783.0,742.0,59.0,0.30982044705020156,0.44027116159765484,0.0,0.0,0.0,0.0,0
grantge01,872.0,677.0,126.0,0.30874492195852044,0.4697455633953389,0.0,776.0,7.0,0.0,0
greenha01,1029.0,1248.0,56.0,0.31384130734396537,0.6068123646387084,0.0,0.0,0.0,0.0,1
greenmi01,646.0,714.0,79.0,0.30261136712749614,0.4619267061663375,1.0,0.0,0.0,0.0,0
greensh01,906.0,884.0,138.0,0.28381334305504924,0.5103900838497994,0.0,0.0,0.0,0.0,0
grichbo01,700.0,582.0,91.0,0.26839092643629425,0.42484630061479756,0.0,1200.0,10.0,133.0,0
griffke01,783.0,510.0,162.0,0.30277954593677064,0.4317844260555909,0.0,0.0,0.0,0.0,0
griffke02,940.0,1018.0,143.0,0.3002296211251435,0.5677382319173364,0.0,0.0,0.0,0.0,1
griffto01,530.0,579.0,66.0,0.28215309949260975,0.38451356717405694,0.0,0.0,0.0,0.0,0
grissma02,823.0,599.0,381.0,0.27690359920419605,0.4112859468258275,0.0,0.0,0.0,0.0,0
groatdi01,639.0,527.0,9.0,0.29313743056799857,0.37896434330765094,0.0,0.0,5.0,1400.0,0
grohhe01,726.0,459.0,163.0,0.29504828436408465,0.3897678241216355,0.0,311.0,995.0,13.0,0
grudzma01,681.0,443.0,117.0,0.2865013774104683,0.38941361668634394,0.0,638.0,31.0,619.0,0
guerrpe01,662.0,792.0,89.0,0.30610068259385664,0.49658703071672355,0.0,12.0,370.0,0.0,0
guzmacr01,679.0,441.0,121.0,0.27147697827386885,0.3862866254733905,0.0,0.0,0.0,1272.0,0
gwynnto01,765.0,550.0,246.0,0.3279289712410732,0.43427909669947884,0.0,0.0,0.0,0.0,1
haasmu01,698.0,484.0,12.0,0.2939365229748934,0.40549502605400284,0.0,0.0,0.0,0.0,0
hackst01,893.0,492.0,136.0,0.3033838973162194,0.4074290159471023,0.0,0.0,1306.0,0.0,0
hafeych01,718.0,761.0,66.0,0.32147937411095306,0.5331910858226647,0.0,0.0,0.0,0.0,1
haleod01,537.0,568.0,55.0,0.2895538930451649,0.44139650872817954,0.0,508.0,424.0,0.0,0
halleto01,449.0,483.0,14.0,0.2603944562899787,0.4189765458422175,1138.0,0.0,0.0,0.0,0
hargrmi01,708.0,615.0,23.0,0.29200487012987014,0.39732142857142855,0.0,0.0,0.0,0.0,0
harpege02,501.0,525.0,58.0,0.3055056852184321,0.4599042489527229,0.0,0.0,0.0,0.0,0
harpeto01,754.0,426.0,295.0,0.2565543071161049,0.3836870578443612,0.0,85.0,262.0,0.0,0
harrato01,725.0,632.0,177.0,0.2615601125854443,0.3948532368315239,0.0,21.0,628.0,805.0,0
harribu01,718.0,502.0,166.0,0.2748986990829601,0.3550863723608445,0.0,1238.0,1.0,1.0,0
harrijo03,461.0,517.0,36.0,0.31740276862228084,0.472313777191826,0.0,0.0,2.0,4.0,0
hartji01,501.0,563.0,17.0,0.27937120794263653,0.46938775510204084,0.0,0.0,653.0,0.0,0
hartnga01,541.0,683.0,24.0,0.2916666666666667,0.49434156378600824,1084.0,0.0,0.0,0.0,1
hattogr01,545.0,514.0,41.0,0.2546537602382725,0.3777612310747084,0.0,160.0,943.0,4.0,0
hayesvo01,711.0,650.0,234.0,0.27001862197392923,0.42251189737223255,0.0,0.0,18.0,0.0,0
heathje01,682.0,772.0,53.0,0.2910550458715596,0.5006880733944954,0.0,0.0,0.0,0.0,0
hebneri01,668.0,615.0,20.0,0.2785571142284569,0.45023380093520377,0.0,2.0,1034.0,0.0,0
heilmha01,747.0,858.0,76.0,0.3293667658308542,0.4959626009349766,0.0,17.0,0.0,0.0,1
heldwo01,485.0,528.0,14.0,0.24591503267973855,0.4357298474945534,0.0,160.0,94.0,514.0,0
hendeda01,559.0,537.0,42.0,0.26155810983397193,0.43831417624521074,0.0,0.0,0.0,0.0,0
henderi01,1058.0,504.0,794.0,0.29199277543648405,0.4326710816777042,0.0,0.0,0.0,0.0,1
hendrge01,639.0,711.0,51.0,0.2804119287706501,0.45955803475649004,0.0,0.0,0.0,0.0,0
henrito01,881.0,761.0,37.0,0.2821203953279425,0.48966756513926324,0.0,0.0,0.0,0.0,0
hermaba01,815.0,914.0,88.0,0.3283033468756046,0.538595473012188,0.0,0.0,0.0,0.0,0
hermabi01,938.0,602.0,52.0,0.3072026800670017,0.4135678391959799,0.0,1448.0,0.0,0.0,1
hernake01,785.0,724.0,91.0,0.3004885993485342,0.44706840390879476,0.0,0.0,0.0,0.0,0
herrto01,601.0,492.0,171.0,0.2752894909329255,0.35394363119947564,0.0,1198.0,0.0,16.0,0
herzobu01,608.0,376.0,274.0,0.26409495548961426,0.3446701666286236,0.0,303.0,441.0,458.0,0
higgibo02,735.0,708.0,91.0,0.27313677313677315,0.4567977067977068,0.0,0.0,0.0,0.0,0
higgipi01,768.0,879.0,55.0,0.2953083617101778,0.43851683692773363,0.0,0.0,1403.0,0.0,0
hinchbi01,347.0,357.0,79.0,0.2621492128678987,0.37063655030800824,0.0,1.0,0.0,57.0,0
hintoch01,505.0,429.0,130.0,0.26563726773096047,0.4129808950536509,4.0,54.0,51.0,3.0,0
hislela01,592.0,624.0,125.0,0.2754942767950052,0.4562955254942768,0.0,0.0,0.0,0.0,0
hoakdo01,598.0,498.0,64.0,0.2649374710514127,0.3967114404817045,0.0,1.0,1199.0,1.0,0
hodgegi01,907.0,1042.0,48.0,0.2806252271901127,0.5027262813522355,39.0,1.0,2.0,0.0,0
hoilech01,408.0,442.0,5.0,0.26419213973799127,0.4723435225618632,809.0,0.0,1.0,0.0,0
holmeto01,695.0,575.0,40.0,0.30403896894662064,0.43535620052770446,0.0,0.0,0.0,0.0,0
hoopeha01,821.0,395.0,261.0,0.2687392714094984,0.35742895288956705,0.0,0.0,0.0,0.0,1
hoppjo01,618.0,392.0,117.0,0.29547259729944403,0.40879004500926663,0.0,0.0,0.0,0.0,0
hornebo01,545.0,666.0,14.0,0.27729257641921395,0.5016375545851528,0.0,0.0,652.0,0.0,0
hornsro01,979.0,954.0,114.0,0.36478711162255467,0.5836210203298811,0.0,846.0,158.0,338.0,1
hortowi01,557.0,724.0,11.0,0.27874237447207884,0.488268418582825,0.0,0.0,1.0,0.0,0
howarel01,499.0,636.0,8.0,0.2893175074183976,0.4609297725024728,786.0,0.0,0.0,0.0,0
howarfr01,654.0,835.0,5.0,0.27533500837520936,0.507537688442211,0.0,0.0,0.0,0.0,0
hrbekke01,752.0,885.0,28.0,0.28983218163869695,0.4922013820335637,0.0,0.0,1.0,0.0,0
hubbagl01,518.0,423.0,31.0,0.2449963829274174,0.35182059319990355,0.0,1240.0,0.0,0.0,0
huntro01,617.0,326.0,53.0,0.2706442831215971,0.35163339382940106,0.0,1122.0,69.0,1.0,0
jacksjo01,846.0,748.0,195.0,0.3570089564674026,0.5196833992918142,0.0,0.0,0.0,0.0,0
jacksre01,878.0,928.0,187.0,0.2704091341579448,0.5120837297811608,0.0,0.0,0.0,0.0,1
jackstr01,631.0,683.0,65.0,0.2999775633834418,0.4509759928202827,0.0,1.0,33.0,1163.0,1
jacobba01,760.0,779.0,85.0,0.31492136555427697,0.45665515918680477,0.0,0.0,0.0,0.0,0
jacobbr01,535.0,544.0,16.0,0.2705464238116393,0.406486006219458,0.0,1.0,1161.0,1.0,0
jamiech01,787.0,388.0,111.0,0.304575986565911,0.3895885810243493,0.0,0.0,0.0,0.0,0
javieju01,625.0,424.0,123.0,0.2580777937847294,0.361185429100638,0.0,1330.0,0.0,4.0,0
jeffegr01,702.0,612.0,188.0,0.2916172400158165,0.4223013048635824,0.0,320.0,251.0,0.0,0
jenkige01,661.0,704.0,31.0,0.2770592239618788,0.4964828681642841,0.0,0.0,0.0,0.0,0
jenseja01,797.0,924.0,139.0,0.28087495160665893,0.462253193960511,0.0,0.0,0.0,0.0,0
johnsbo01,997.0,1040.0,78.0,0.29789977892409725,0.5202652910832719,0.0,28.0,1.0,0.0,0
johnsch04,455.0,561.0,6.0,0.24503836993913733,0.43344800211696216,1137.0,0.0,0.0,0.0,0
johnsda02,540.0,587.0,30.0,0.2626328345261332,0.4068531771849924,0.0,1180.0,9.0,41.0,0
johnsho01,661.0,667.0,213.0,0.25406551967947205,0.45722366250294605,0.0,0.0,909.0,272.0,0
johnsji01,673.0,355.0,160.0,0.29594324983373976,0.37840833518066946,0.0,241.0,353.0,176.0,0
johnsla03,700.0,450.0,300.0,0.2966259573587249,0.3947422893810805,0.0,0.0,0.0,0.0,0
johnsro02,715.0,555.0,134.0,0.2972286374133949,0.43926096997690534,0.0,0.0,1.0,0.0,0
jonescl01,558.0,509.0,90.0,0.284769833496572,0.41258570029382957,0.0,0.0,0.0,0.0,0
jonesja04,617.0,623.0,82.0,0.28025904421616793,0.4546672621706119,0.0,0.0,0.0,0.0,0
jonesma01,461.0,394.0,60.0,0.25517955801104975,0.45338397790055246,0.0,0.0,0.0,0.0,0
jonesru01,609.0,544.0,141.0,0.25047938638542666,0.41586768935762225,0.0,0.0,0.0,0.0,0
joneswi01,698.0,710.0,37.0,0.2575433132178314,0.41210823437804167,0.0,0.0,1415.0,0.0,0
joosted01,773.0,536.0,57.0,0.23861566484517305,0.3683464885650678,0.0,86.0,72.0,1204.0,0
jordabr01,599.0,656.0,112.0,0.28694988552531164,0.46934622233528367,0.0,0.0,1.0,0.0,0
joynewa01,725.0,789.0,50.0,0.2901077375122429,0.4472086190009794,0.0,0.0,0.0,0.0,0
judgejo01,709.0,547.0,147.0,0.29526813880126185,0.41661409043112513,0.0,0.0,0.0,0.0,0
justida01,787.0,889.0,45.0,0.28270676691729324,0.5149301825993555,0.0,0.0,0.0,0.0,0
kalinal01,872.0,887.0,93.0,0.3088831551787689,0.4961297456690011,0.0,0.0,1.0,0.0,1
kammwi01,689.0,736.0,113.0,0.2814,0.3918,0.0,0.0,1421.0,0.0,0
karroer01,700.0,902.0,53.0,0.2681185944363104,0.46284773060029283,0.0,0.0,0.0,0.0,0
kellech01,663.0,690.0,45.0,0.28776978417266186,0.5136690647482014,0.0,0.0,0.0,0.0,0
kellge01,716.0,638.0,46.0,0.3115037449587094,0.4171307854810832,0.0,0.0,1335.0,0.0,1
kellyge01,667.0,823.0,56.0,0.3013874066168623,0.46574172892209176,0.0,144.0,2.0,0.0,1
keltnke01,700.0,819.0,39.0,0.2781065088757396,0.4437869822485207,0.0,0.0,1422.0,0.0,0
kempst01,578.0,631.0,37.0,0.2788317523714428,0.4326010983524713,0.0,0.0,0.0,0.0,0
kendaja01,776.0,524.0,148.0,0.30190128672940275,0.40656808142884576,1352.0,0.0,0.0,0.0,0
kennete02,426.0,570.0,5.0,0.26402564689718344,0.38951225097320813,1175.0,0.0,0.0,0.0,0
kentje01,764.0,899.0,68.0,0.2854538087520259,0.4947325769854133,0.0,1121.0,157.0,3.0,0
killeha01,856.0,978.0,7.0,0.26278836509528586,0.5386158475426279,0.0,0.0,425.0,0.0,1
kinerra01,971.0,1015.0,22.0,0.2787704130643612,0.5479346781940442,0.0,0.0,0.0,0.0,1
kingje01,570.0,680.0,70.0,0.25679980396961527,0.4268561627052193,0.0,121.0,553.0,11.0,0
kingmda01,575.0,755.0,66.0,0.24012754476330636,0.49914152563159186,0.0,0.0,154.0,0.0,0
kleinch01,1024.0,1041.0,67.0,0.34007247758916653,0.5857333587640664,0.0,0.0,0.0,0.0,1
kleskry01,701.0,811.0,80.0,0.28244449530785076,0.5218585488670177,0.0,0.0,0.0,0.0,0
kluszte01,744.0,884.0,20.0,0.3025651383558877,0.5132296505756413,0.0,0.0,0.0,0.0,0
knoblch01,1025.0,549.0,350.0,0.29684400360685304,0.4165915238954013,0.0,1381.0,0.0,13.0,0
kreevmi01,673.0,512.0,113.0,0.28205128205128205,0.39064856711915535,0.0,0.0,4.0,0.0,0
krukjo01,569.0,569.0,58.0,0.2998929909042269,0.44810058855002677,0.0,0.0,0.0,0.0,0
kuennha01,816.0,583.0,60.0,0.3083508036338225,0.42051013277428373,0.0,0.0,84.0,729.0,0
kuheljo01,824.0,723.0,96.0,0.28904244817374136,0.43139190523198423,0.0,0.0,0.0,0.0,0
landiji01,601.0,448.0,137.0,0.24792176039119804,0.37579462102689487,0.0,0.0,0.0,0.0,0
landrke01,516.0,474.0,144.0,0.2683229813664596,0.4014906832298137,0.0,0.0,0.0,0.0,0
lankfra01,842.0,756.0,236.0,0.2755334576341413,0.4833229749326704,0.0,0.0,0.0,0.0,0
lansfca01,723.0,639.0,135.0,0.2915341812400636,0.43124006359300476,0.0,1.0,1192.0,3.0,0
larkiba01,801.0,607.0,267.0,0.2989346145811573,0.45268435345728014,0.0,0.0,0.0,1254.0,1
laryly01,782.0,513.0,160.0,0.27403737896870073,0.378518351722585,0.0,4.0,85.0,1082.0,0
lavagco01,481.0,475.0,63.0,0.2694767441860465,0.37616279069767444,0.0,266.0,657.0,1.0,0
lawtoma02,740.0,618.0,164.0,0.2666809238665526,0.4176646706586826,0.0,0.0,0.0,0.0,0
lazzeto01,814.0,975.0,132.0,0.29759342594404226,0.47603208765407945,0.0,1168.0,144.0,60.0,1
leibeha01,409.0,518.0,5.0,0.28837209302325584,0.4629695885509839,0.0,0.0,0.0,0.0,0
lemonch01,700.0,612.0,50.0,0.27992359932088284,0.4562818336162988,0.0,1.0,0.0,0.0,0
lewisbu01,830.0,605.0,83.0,0.29810815975539845,0.4219377030384101,0.0,0.0,665.0,0.0,0
lewisdu01,601.0,779.0,112.0,0.2855782053724519,0.3871213564488474,0.0,0.0,1.0,0.0,0
lezcasi01,539.0,573.0,36.0,0.27371342078708377,0.4445005045408678,0.0,0.0,0.0,0.0,0
lindsfr01,775.0,658.0,81.0,0.31673640167364014,0.4600418410041841,0.0,28.0,776.0,1.0,1
lockmwh01,782.0,527.0,42.0,0.2796886314265025,0.3919261404779146,0.0,0.0,0.0,0.0,0
loducpa01,464.0,461.0,19.0,0.2877891339429801,0.41124260355029585,874.0,0.0,0.0,0.0,0
loftoke01,1041.0,551.0,477.0,0.3032618825722274,0.42795899347623484,0.0,0.0,0.0,0.0,0
loganjo01,624.0,520.0,19.0,0.2701547231270358,0.38456840390879476,0.0,0.0,0.0,1328.0,0
lollash01,447.0,586.0,13.0,0.2659022659022659,0.4105924105924106,1087.0,0.0,1.0,0.0,0
lombaer01,407.0,645.0,5.0,0.315356004250797,0.4760892667375133,987.0,0.0,0.0,0.0,1
lopesda01,811.0,425.0,442.0,0.2609043617446979,0.37975190076030413,0.0,1264.0,1.0,16.0,0
lopezhe01,584.0,536.0,16.0,0.2714420358152686,0.4175306314797361,0.0,184.0,459.0,5.0,0
lopezja01,504.0,690.0,8.0,0.2860740367665575,0.5006295643414757,1090.0,0.0,0.0,0.0,0
loretma01,582.0,463.0,40.0,0.30106508875739646,0.40828402366863903,0.0,589.0,171.0,315.0,0
lowelmi01,693.0,851.0,28.0,0.2792599805258033,0.46757546251217136,0.0,8.0,1356.0,0.0,0
luderfr01,546.0,612.0,53.0,0.2783261802575107,0.4051502145922747,0.0,0.0,0.0,0.0,0
lumpeje01,593.0,439.0,17.0,0.266062776490415,0.3549610280176954,0.0,1100.0,87.0,82.0,0
luzingr01,660.0,858.0,27.0,0.2792075163398693,0.4889705882352941,0.0,0.0,0.0,0.0,0
lynnfr01,775.0,781.0,55.0,0.29398000425441395,0.49819187406934695,0.0,0.0,0.0,0.0,0
maddoga01,659.0,618.0,227.0,0.2871904854747514,0.41957496588028853,0.0,0.0,0.0,0.0,0
madlobi01,698.0,638.0,151.0,0.3164426059979317,0.45749741468459154,0.0,183.0,1073.0,0.0,0
malzofr01,630.0,716.0,13.0,0.2755890669180019,0.40150801131008484,0.0,0.0,1340.0,0.0,0
mantlmi01,1113.0,935.0,112.0,0.3070929070929071,0.5678321678321678,0.0,1.0,1.0,7.0,1
manushe01,905.0,814.0,91.0,0.33607520564042304,0.4972581276929103,0.0,0.0,0.0,0.0,1
maranra01,716.0,510.0,219.0,0.26371494090668546,0.3490915505380138,0.0,18.0,0.0,1441.0,1
marioma01,550.0,565.0,34.0,0.2651285164946367,0.34831005869257237,0.0,0.0,0.0,1383.0,0
marisro01,737.0,751.0,21.0,0.25998630449669025,0.4900707601004337,0.0,0.0,0.0,0.0,0
marshmi02,427.0,522.0,26.0,0.27093455272935124,0.4489854244069734,0.0,0.0,0.0,0.0,0
marshwi01,577.0,598.0,14.0,0.2750477099236641,0.4255725190839695,0.0,0.0,0.0,0.0,0
martied01,854.0,757.0,40.0,0.3216888126875268,0.5278611230175739,0.0,0.0,522.0,0.0,0
martipe01,723.0,497.0,142.0,0.2984814538212596,0.4446104057754543,0.0,0.0,429.0,0.0,0
martiti02,759.0,988.0,18.0,0.27590198726606213,0.4863978390893305,0.0,0.0,0.0,0.0,0
matheed01,1032.0,992.0,55.0,0.283205268935236,0.5472008781558727,0.0,0.0,1461.0,0.0,1
matthga01,798.0,723.0,148.0,0.2876480541455161,0.4463244970859184,0.0,0.0,0.0,0.0,0
mattido01,808.0,912.0,14.0,0.311134789557805,0.4832179009057006,0.0,1.0,3.0,0.0,0
maybejo01,610.0,724.0,19.0,0.25688282138794083,0.44004550625711036,0.0,0.0,0.0,0.0,0
mayca01,541.0,535.0,85.0,0.27510486059708855,0.39526276831976315,0.0,0.0,0.0,0.0,0
mayle01,719.0,935.0,27.0,0.27079964061096135,0.4736747529200359,0.0,0.0,0.0,0.0,0
mayswi01,1126.0,1053.0,236.0,0.3166521360069747,0.5923278116826504,0.0,0.0,0.0,0.0,1
mazerbi01,553.0,569.0,16.0,0.26508369015181005,0.38069287660568313,0.0,1399.0,0.0,0.0,1
mcauldi01,701.0,537.0,57.0,0.25263838035752745,0.4137411156579798,0.0,577.0,98.0,644.0,0
mcbriba01,532.0,412.0,181.0,0.2977058029689609,0.4202429149797571,0.0,0.0,0.0,0.0,0
mccorfr01,702.0,903.0,26.0,0.30014695077149156,0.43534166054371787,0.0,0.0,0.0,0.0,0
mccosba01,661.0,394.0,58.0,0.3124548301614069,0.4148397976391231,0.0,0.0,0.0,0.0,0
mccovwi01,659.0,733.0,19.0,0.27791814047498736,0.5373926225366347,0.0,0.0,0.0,0.0,1
mcdougi01,697.0,576.0,45.0,0.2760906757912746,0.40975192472198463,0.0,599.0,508.0,284.0,0
mcgeewi01,717.0,603.0,294.0,0.29797882579403273,0.40712223291626565,0.0,0.0,0.0,1.0,0
mcgrifr01,868.0,910.0,55.0,0.2859094457455113,0.5304449648711944,0.0,0.0,0.0,0.0,0
mcgwima01,785.0,950.0,10.0,0.25930880713489407,0.5549609810479376,0.0,0.0,8.0,0.0,0
mcinnst01,570.0,702.0,148.0,0.30790297339593115,0.3767605633802817,0.0,0.0,23.0,24.0,0
mcmanma01,815.0,829.0,109.0,0.29512670565302146,0.4442495126705653,0.0,751.0,491.0,54.0,0
mcmilro01,497.0,395.0,30.0,0.24866867330400555,0.3324843713822644,0.0,11.0,12.0,1302.0,0
mcmulke01,535.0,541.0,20.0,0.24925941599661447,0.38171815488785443,0.0,2.0,1265.0,11.0,0
mcquige02,794.0,740.0,32.0,0.27979664846544905,0.42760308793070984,0.0,0.0,0.0,0.0,0
mcraebr01,734.0,532.0,196.0,0.2612436448963629,0.3959718420023465,0.0,0.0,0.0,0.0,0
mcraeha01,555.0,603.0,89.0,0.2896135265700483,0.45507246376811594,0.0,1.0,21.0,0.0,0
mcreyke01,689.0,772.0,89.0,0.26690182245737804,0.451695081324711,0.0,0.0,0.0,0.0,0
medwijo01,1010.0,1131.0,31.0,0.328600066822586,0.5289007684597394,0.0,0.0,0.0,0.0,1
meltobi01,491.0,575.0,22.0,0.25245986535473847,0.41973070947695496,0.0,0.0,868.0,0.0,0
menkede01,524.0,529.0,33.0,0.25654570509875974,0.3801102434542949,0.0,225.0,160.0,832.0,0
meusebo01,764.0,1006.0,133.0,0.3110095389507154,0.4998012718600954,0.0,0.0,74.0,0.0,0
meuseir01,694.0,812.0,113.0,0.31156716417910446,0.4662106135986733,0.0,4.0,0.0,0.0,0
michaca01,504.0,496.0,64.0,0.26328052190121154,0.35461323392357874,0.0,800.0,190.0,219.0,0
millafe01,666.0,392.0,64.0,0.2803738317757009,0.3432782171099928,0.0,1384.0,0.0,0.0,0
millake01,618.0,670.0,7.0,0.276662908680947,0.457271702367531,0.0,0.0,26.0,0.0,0
millebi02,760.0,786.0,110.0,0.3193620936413821,0.4722960539766919,0.0,0.0,0.0,0.0,0
minchdo01,477.0,583.0,22.0,0.25326298250485973,0.4601499583449042,0.0,0.0,0.0,0.0,0
minosmi01,987.0,895.0,184.0,0.30700179533213645,0.4761220825852783,0.0,0.0,108.0,2.0,0
mitchda01,548.0,398.0,44.0,0.31091370558375636,0.4152284263959391,0.0,0.0,0.0,0.0,0
mitchke01,609.0,727.0,29.0,0.28774783934926285,0.5287239450940519,0.0,0.0,230.0,25.0,0
mizejo01,960.0,1096.0,26.0,0.32381870781099326,0.5876567020250724,0.0,0.0,0.0,0.0,1
molinbe01,422.0,665.0,3.0,0.2762520193861066,0.4202630971613201,1140.0,0.0,0.0,0.0,0
molitpa01,902.0,519.0,316.0,0.2994000387071802,0.4368105283530095,0.0,324.0,670.0,57.0,1
mondari01,722.0,547.0,89.0,0.26876778288465747,0.44539286495950975,0.0,0.0,0.0,0.0,0
mondera01,869.0,818.0,225.0,0.27544470933431137,0.49073904272877317,0.0,0.0,0.0,0.0,0
moneydo01,644.0,566.0,79.0,0.26618560833834437,0.4066947284024855,0.0,173.0,861.0,161.0,0
montawi01,628.0,791.0,31.0,0.2764643613267466,0.4070218772053634,0.0,0.0,0.0,0.0,0
moonwa01,723.0,641.0,86.0,0.29227782571182054,0.45232959447799825,0.0,0.0,0.0,0.0,0
moorejo02,808.0,510.0,45.0,0.29774658293313633,0.40857037310676025,0.0,0.0,0.0,0.0,0
moorete01,689.0,495.0,82.0,0.28266191853995104,0.4019586022701981,0.0,0.0,7.0,0.0,0
moranmi01,588.0,348.0,120.0,0.26858673811118555,0.35923197142219243,0.0,1220.0,0.0,4.0,0
morgajo02,968.0,591.0,441.0,0.27854996243425995,0.4325694966190834,0.0,1422.0,0.0,0.0,1
mosebll01,768.0,651.0,255.0,0.257416081186573,0.41530054644808745,0.0,0.0,0.0,0.0,0
moseswa01,831.0,485.0,148.0,0.30013230013230013,0.4307314307314307,0.0,0.0,0.0,0.0,0
mostijo01,607.0,368.0,173.0,0.3023663453111306,0.42886356996786446,0.0,1.0,5.0,1.0,0
muellbi02,651.0,478.0,19.0,0.2920310981535471,0.42517006802721086,0.0,53.0,1098.0,1.0,0
mumphje01,575.0,489.0,171.0,0.2866464693544628,0.38941971568398975,0.0,0.0,0.0,0.0,0
munsoth01,690.0,692.0,48.0,0.2921262837580829,0.4108025865348041,1253.0,0.0,1.0,0.0,0
murcebo01,834.0,867.0,118.0,0.2812444126586805,0.4518147684605757,0.0,1.0,31.0,1.0,0
murphda05,920.0,904.0,145.0,0.27820654171260567,0.5014700477765527,48.0,0.0,0.0,0.0,0
murphdw01,614.0,563.0,99.0,0.2468495181616012,0.4020261922411663,0.0,1.0,0.0,1.0,0
murraed02,884.0,1015.0,55.0,0.2985419630156472,0.5049786628733998,0.0,0.0,3.0,0.0,1
musiast01,1141.0,1007.0,59.0,0.3455235466620666,0.5792651371398999,0.0,0.0,0.0,0.0,1
myerbu01,934.0,629.0,126.0,0.30338733431516934,0.4096097201767305,0.0,914.0,219.0,234.0,0
myershy01,538.0,538.0,104.0,0.28431996605134735,0.38234670061531933,0.0,41.0,18.0,0.0,0
nettlgr01,729.0,784.0,29.0,0.2522739929459811,0.4299238908483386,0.0,0.0,1424.0,4.0,0
nevinph01,515.0,656.0,17.0,0.2726777444837919,0.4734404794333969,104.0,0.0,459.0,0.0,0
nichobi01,738.0,833.0,26.0,0.272390364422483,0.471278567016677,0.0,0.0,0.0,0.0,0
niemabo01,446.0,520.0,9.0,0.29186893203883496,0.470873786407767,0.0,0.0,0.0,0.0,0
northbi01,637.0,230.0,394.0,0.2600411946446962,0.3223480947476828,0.0,0.0,0.0,0.0,0
northji01,575.0,581.0,38.0,0.26749888542131073,0.4306732055283103,0.0,0.0,0.0,0.0,0
obriepe03,611.0,696.0,23.0,0.2618217054263566,0.40852713178294575,0.0,0.0,0.0,0.0,0
oconnda02,521.0,320.0,48.0,0.2610007543374403,0.3527784762383706,0.0,705.0,309.0,68.0,0
odoulle01,618.0,532.0,35.0,0.35275689223057644,0.5388471177944862,0.0,0.0,0.0,0.0,0
offerjo01,676.0,415.0,156.0,0.2794182459233142,0.377258704275011,0.0,499.0,0.0,580.0,0
oglivbe01,521.0,555.0,79.0,0.27598276790522347,0.4674205708131395,0.0,0.0,0.0,0.0,0
olerujo01,750.0,762.0,8.0,0.30081984443977294,0.48160605423586295,0.0,0.0,0.0,0.0,0
olivato01,817.0,868.0,86.0,0.3085050184891706,0.48952280331044196,0.0,0.0,0.0,0.0,0
oliveal01,753.0,806.0,62.0,0.29929640988634315,0.45805520476276385,0.0,0.0,0.0,0.0,0
oneilpa01,630.0,755.0,69.0,0.2826184092940125,0.46849865951742625,0.0,0.0,0.0,0.0,0
otisam01,767.0,667.0,265.0,0.2803380961964178,0.4389213121352385,0.0,0.0,3.0,0.0,0
ottme01,1025.0,1091.0,50.0,0.31738437001594894,0.5594098883572568,0.0,6.0,16.0,0.0,1
pafkoan01,667.0,789.0,34.0,0.2897177003915104,0.46445497630331756,0.0,0.0,201.0,0.0,0
palmera01,859.0,836.0,67.0,0.29907578558225506,0.4987060998151571,0.0,0.0,0.0,0.0,0
parkeda01,660.0,689.0,111.0,0.3084264432029795,0.50512104283054,0.0,1.0,0.0,0.0,0
parrila01,619.0,691.0,24.0,0.2674747474747475,0.43696969696969695,0.0,1.0,937.0,1.0,0
parrila02,609.0,760.0,22.0,0.2616663115278074,0.46281696143191986,1154.0,0.0,0.0,0.0,0
patekfr01,608.0,368.0,328.0,0.2399193548387097,0.32056451612903225,0.0,0.0,1.0,1263.0,0
peckiro01,689.0,450.0,154.0,0.2546441243999165,0.3375078271759549,0.0,0.0,0.0,1282.0,0
pendlte01,677.0,717.0,119.0,0.2732426303854875,0.39436885865457294,0.0,0.0,1375.0,0.0,0
pepitjo01,567.0,681.0,37.0,0.25735294117647056,0.4346638655462185,0.0,0.0,0.0,0.0,0
perezto01,736.0,914.0,28.0,0.28633859015770474,0.48698460953828615,0.0,1.0,760.0,0.0,1
peskyjo01,867.0,404.0,53.0,0.3066385669125395,0.38609062170706004,0.0,137.0,460.0,591.0,0
petrori01,605.0,689.0,10.0,0.25379426644182124,0.43381112984822934,0.0,0.0,541.0,772.0,0
phillto02,731.0,482.0,108.0,0.2653061224489796,0.36885069817400645,0.0,631.0,297.0,254.0,0
piazzmi01,846.0,1066.0,17.0,0.32197344957400437,0.5791559342183475,1300.0,0.0,0.0,0.0,1
pinsova01,958.0,806.0,219.0,0.29732328898862,0.47074851739060747,0.0,0.0,0.0,0.0,0
pippwa01,801.0,803.0,111.0,0.28360413589364847,0.41654357459379615,0.0,0.0,0.0,0.0,0
porteda02,576.0,595.0,24.0,0.2505592841163311,0.4103902560278399,1097.0,0.0,0.0,0.0,0
powelbo01,654.0,882.0,14.0,0.2684322033898305,0.47817796610169494,0.0,0.0,0.0,0.0,0
powervi01,730.0,621.0,42.0,0.2872628726287263,0.4196928635953026,0.0,127.0,59.0,8.0,0
prattde01,684.0,767.0,228.0,0.2896413617331149,0.4014199890770071,0.0,1409.0,1.0,22.0,0
priddje01,598.0,517.0,43.0,0.26657824933687,0.3757736516357206,0.0,1134.0,50.0,19.0,0
puckeki01,909.0,874.0,125.0,0.31849369714376896,0.46896441678634115,0.0,3.0,3.0,2.0,1
puhlte01,579.0,363.0,184.0,0.28144884973078804,0.3937836514929026,0.0,0.0,0.0,0.0,0
radclri01,591.0,528.0,39.0,0.31159780985564955,0.4178695868591339,0.0,0.0,0.0,0.0,0
raderdo02,565.0,655.0,35.0,0.2511163087391027,0.39953221348075696,0.0,0.0,1253.0,2.0,0
raineti01,926.0,552.0,627.0,0.3021759697256386,0.4389782403027436,0.0,46.0,0.0,0.0,1
randajo01,668.0,706.0,42.0,0.2864906832298137,0.4297360248447205,0.0,49.0,1298.0,0.0,0
randowi01,812.0,398.0,217.0,0.2753126260588947,0.35760387252924564,0.0,1320.0,0.0,0.0,0
rayjo01,594.0,588.0,80.0,0.2904050334250885,0.39146677152968934,0.0,1246.0,0.0,0.0,0
reedjo01,562.0,384.0,39.0,0.27011494252873564,0.34991158267020334,0.0,1048.0,8.0,232.0,0
reesepe01,894.0,602.0,175.0,0.26905912978802526,0.37337300111565636,0.0,0.0,7.0,1416.0,1
reisepe01,466.0,361.0,86.0,0.2979373567608862,0.45110771581359815,0.0,0.0,59.0,5.0,0
remyje01,597.0,321.0,204.0,0.2757986669731096,0.32957940703286603,0.0,1093.0,1.0,1.0,0
reynoca01,634.0,647.0,106.0,0.3066570535928863,0.46527277096851716,0.0,0.0,0.0,0.0,0
reynoha01,629.0,352.0,249.0,0.25843411839592617,0.34182049649904517,0.0,1315.0,0.0,0.0,0
riceha01,620.0,506.0,59.0,0.2991704575862992,0.42119347069842117,1.0,9.0,38.0,4.0,0
riceji01,915.0,1063.0,53.0,0.3029172320217096,0.5259497964721845,0.0,0.0,0.0,0.0,1
ricesa01,872.0,699.0,268.0,0.3243100720689049,0.4296009843557743,0.0,0.0,0.0,0.0,1
ripkeca01,969.0,942.0,28.0,0.2804021704436642,0.46919885094158953,0.0,0.0,71.0,1549.0,1
riverji01,503.0,422.0,160.0,0.2564752252252252,0.4017454954954955,0.0,0.0,0.0,0.0,0
rivermi01,670.0,423.0,244.0,0.29446185997910135,0.39958202716823404,0.0,0.0,0.0,0.0,0
rizzuph01,805.0,533.0,136.0,0.2783214151298457,0.36319156943921715,0.0,0.0,0.0,1412.0,1
roberbi01,617.0,328.0,248.0,0.2961228207129846,0.3832943013270882,0.0,469.0,142.0,40.0,0
robinbr01,634.0,670.0,18.0,0.2825918762088975,0.42475822050290135,0.0,24.0,1374.0,5.0,1
robinfr02,1043.0,1009.0,161.0,0.3026958567034558,0.5541885290392619,0.0,0.0,13.0,0.0,1
robinja02,947.0,734.0,197.0,0.3112569202378511,0.47365183514455605,0.0,748.0,256.0,1.0,1
rogelbi01,563.0,464.0,64.0,0.27043052333075535,0.3725186903841196,0.0,73.0,74.0,898.0,0
rolfere01,942.0,497.0,44.0,0.2887922104827015,0.4126786824114357,0.0,0.0,1084.0,63.0,0
romanjo01,353.0,414.0,6.0,0.2579570688378979,0.4496669133974833,788.0,0.0,0.0,0.0,0
rosebjo01,435.0,465.0,59.0,0.2528473804100228,0.38395342951151606,1199.0,0.0,2.0,0.0,0
rosenal01,599.0,712.0,39.0,0.28742841559858195,0.4998636487592037,0.0,1.0,918.0,5.0,0
rosepe01,992.0,586.0,85.0,0.308655853541031,0.43584390557250685,0.0,627.0,16.0,0.0,0
roushed01,619.0,583.0,194.0,0.3279467680608365,0.4505703422053232,0.0,1.0,0.0,0.0,1
rudijo01,558.0,647.0,23.0,0.2757201646090535,0.44215820759030633,0.0,0.0,1.0,0.0,0
runnepe01,709.0,506.0,27.0,0.28910614525139666,0.3750997605746209,0.0,599.0,35.0,462.0,0
russebi01,490.0,389.0,108.0,0.2648809523809524,0.3466117216117216,0.0,41.0,0.0,990.0,0
russeji01,550.0,428.0,59.0,0.26849775784753366,0.4024663677130045,0.0,0.0,0.0,0.0,0
ruthba01,1347.0,1295.0,90.0,0.35319767441860467,0.7369186046511628,0.0,0.0,0.0,0.0,1
salmoti01,855.0,888.0,43.0,0.28640973630831645,0.5146044624746451,0.0,0.0,0.0,0.0,0
samueju01,735.0,595.0,355.0,0.25833021340321977,0.4110819917633845,0.0,1152.0,5.0,0.0,0
sandbry01,974.0,749.0,297.0,0.2878265155248891,0.45556103170691636,0.0,1393.0,133.0,2.0,1
sandere02,712.0,627.0,228.0,0.26900584795321636,0.48586744639376217,0.0,0.0,0.0,0.0,0
sanguma01,550.0,571.0,32.0,0.2983071841453344,0.40111478117258464,1078.0,0.0,0.0,0.0,0
santoro01,816.0,937.0,27.0,0.28137150936726757,0.4782608695652174,0.0,0.0,1526.0,16.0,1
sauerha01,655.0,800.0,9.0,0.2671389396709324,0.5022851919561243,0.0,0.0,0.0,0.0,0
saxst01,802.0,485.0,402.0,0.28604156439207984,0.36295205367370315,0.0,1502.0,7.0,0.0,0
schalra01,443.0,444.0,150.0,0.2552311435523114,0.3197080291970803,1301.0,0.0,0.0,0.0,1
schanwa01,482.0,427.0,94.0,0.28779157830960317,0.401999394122993,798.0,0.0,60.0,1.0,0
schmimi01,962.0,962.0,155.0,0.26555446516192344,0.5373895976447498,0.0,5.0,1441.0,17.0,1
schoere01,905.0,561.0,72.0,0.29060848815408213,0.39048917675132094,0.0,1198.0,35.0,49.0,1
schulfr02,681.0,590.0,56.0,0.2922859164897382,0.40976645435244163,0.0,0.0,0.0,0.0,0
sciosmi01,337.0,375.0,22.0,0.26117969821673526,0.3585733882030178,1161.0,0.0,0.0,0.0,0
scottev01,467.0,451.0,64.0,0.24854329917621057,0.31444645368696,0.0,1.0,1.0,1399.0,0
scottge02,684.0,776.0,65.0,0.2707383773928897,0.43719234275296265,0.0,0.0,218.0,0.0,0
seitzke01,696.0,578.0,80.0,0.295545746388443,0.4048956661316212,0.0,15.0,1035.0,7.0,0
seweljo01,843.0,857.0,70.0,0.32012250045036933,0.425508917312196,0.0,15.0,268.0,1194.0,1
sexsori01,727.0,920.0,14.0,0.2614460327325461,0.5061114563911332,0.0,0.0,0.0,0.0,0
sheffga01,664.0,694.0,142.0,0.289093625498008,0.49975099601593626,0.0,0.0,466.0,70.0,0
shottbu01,726.0,281.0,290.0,0.27132750728256344,0.33416562630045776,0.0,0.0,0.0,0.0,0
siebeno01,654.0,625.0,18.0,0.27523568636468154,0.4295240285123017,0.0,0.0,0.0,0.0,0
sierrru01,809.0,952.0,126.0,0.2724071139285085,0.4601162176439514,0.0,0.0,0.0,0.0,0
sievero01,734.0,850.0,11.0,0.27161290322580645,0.4862365591397849,0.0,0.0,30.0,0.0,0
simmoal01,1045.0,1275.0,70.0,0.35490753911806544,0.5778805120910384,0.0,0.0,0.0,0.0,1
simmote01,652.0,828.0,10.0,0.2973335891041627,0.45463264914636486,1304.0,0.0,2.0,0.0,0
singlke01,701.0,715.0,21.0,0.2892768079800499,0.4474231088944306,0.0,0.0,0.0,0.0,0
sislege01,926.0,791.0,312.0,0.3522058823529412,0.49613970588235295,0.0,2.0,2.0,0.0,1
sizemte01,528.0,400.0,55.0,0.26280087527352297,0.32078774617067835,2.0,1158.0,7.0,88.0,0
skinnbo01,615.0,500.0,66.0,0.277602523659306,0.4207716573647173,0.0,0.0,2.0,0.0,0
skowrbi01,536.0,691.0,14.0,0.2888331242158093,0.4835633626097867,0.0,2.0,13.0,0.0,0
slaugen01,886.0,894.0,47.0,0.308165548098434,0.47315436241610737,0.0,0.0,0.0,0.0,1
smallro02,597.0,558.0,24.0,0.2568318151521884,0.38946900688735836,1.0,58.0,152.0,997.0,0
smithal04,773.0,621.0,58.0,0.27592669720949603,0.4358600583090379,0.0,2.0,367.0,9.0,0
smithel02,464.0,533.0,53.0,0.2749840865690643,0.437937619350732,0.0,0.0,0.0,0.0,0
smithlo01,748.0,415.0,337.0,0.2946323007803263,0.42610546228422796,0.0,0.0,0.0,0.0,0
smithoz01,687.0,449.0,346.0,0.253043641131298,0.31710058063307733,0.0,0.0,0.0,1463.0,1
smithre06,792.0,761.0,100.0,0.28465875947890334,0.4785144857087303,0.0,6.0,15.0,0.0,0
snidedu01,988.0,998.0,90.0,0.30359189912113105,0.5640045854031334,0.0,0.0,0.0,0.0,1
sosasa01,727.0,800.0,217.0,0.2643653516295026,0.49313893653516294,0.0,0.0,0.0,0.0,0
southbi01,633.0,540.0,134.0,0.29719357159990406,0.4135284240825138,0.0,2.0,0.0,0.0,0
speaktr01,957.0,732.0,356.0,0.3451310861423221,0.4859550561797753,0.0,0.0,0.0,0.0,1
speiech01,544.0,497.0,28.0,0.24773596297041658,0.34916482189575365,0.0,12.0,7.0,1392.0,0
spencda01,457.0,425.0,13.0,0.2440087145969499,0.37962962962962965,0.0,322.0,219.0,555.0,0
stanked01,806.0,363.0,48.0,0.26832123624443927,0.3483961601498478,0.0,1144.0,6.0,51.0,0
stargwi01,687.0,888.0,12.0,0.2791900043084877,0.5226195605342525,0.0,0.0,0.0,0.0,1
staubru01,610.0,678.0,32.0,0.28177704648292884,0.4343891402714932,0.0,0.0,0.0,0.0,0
steinte01,495.0,591.0,15.0,0.274656378104654,0.424885459368218,1045.0,0.0,22.0,0.0,0
stengca01,537.0,502.0,114.0,0.28567870485678704,0.4154420921544209,0.0,0.0,0.0,0.0,0
stennre01,492.0,425.0,73.0,0.2749210645015787,0.36039693279206136,0.0,1030.0,6.0,53.0,0
stephri01,570.0,621.0,44.0,0.3419298753984352,0.4879745001448855,0.0,203.0,44.0,0.0,0
stephve01,895.0,1046.0,21.0,0.2896513962401898,0.4739916043073554,0.0,0.0,93.0,1273.0,0
stewash01,803.0,534.0,180.0,0.2980490631639946,0.4334556693065482,0.0,0.0,0.0,0.0,0
stirnsn01,604.0,281.0,134.0,0.26765899864682,0.3705006765899865,0.0,787.0,116.0,77.0,0
stockmi01,673.0,581.0,142.0,0.2902139461172742,0.3643026941362916,0.0,78.0,1202.0,40.0,0
stonejo01,719.0,686.0,44.0,0.308377082857795,0.465190595754394,0.0,0.0,0.0,0.0,0
strawda01,783.0,868.0,207.0,0.2629067245119306,0.5151843817787418,0.0,0.0,0.0,0.0,0
stripjo01,557.0,447.0,50.0,0.29420432220039294,0.38285854616895876,0.0,2.0,897.0,4.0,0
strunam01,566.0,415.0,162.0,0.2808740486128161,0.3741713724527375,0.0,0.0,0.0,0.0,0
stuardi01,503.0,739.0,2.0,0.2653319817536746,0.4923973644196655,0.0,0.0,1.0,0.0,0
suhrgu01,710.0,813.0,53.0,0.27994564162298585,0.42787808192583965,0.0,0.0,0.0,0.0,0
sundbji01,456.0,459.0,18.0,0.25303643724696356,0.34367971210076476,1386.0,0.0,0.0,0.0,0
surhobj01,606.0,672.0,103.0,0.277466251298027,0.3973001038421599,692.0,1.0,296.0,1.0,0
sweenmi01,650.0,766.0,48.0,0.30408797513746116,0.5003585943103036,197.0,0.0,0.0,0.0,0
tartada01,685.0,810.0,35.0,0.27409570882947654,0.49651763648618286,0.0,31.0,1.0,0.0,0
tayloto02,680.0,374.0,160.0,0.2581458494957331,0.3442591155934833,0.0,1164.0,122.0,7.0,0
templga01,661.0,475.0,205.0,0.28741092636579574,0.38895486935866985,0.0,0.0,0.0,1253.0,0
templjo01,690.0,373.0,131.0,0.2877397831526272,0.3550875729774812,0.0,1229.0,18.0,1.0,0
tenacge01,582.0,606.0,35.0,0.241353001017294,0.42828077314343843,771.0,6.0,17.0,0.0,0
terrybi01,883.0,892.0,49.0,0.34140969162995594,0.5218261914297156,0.0,0.0,0.0,0.0,1
tettlmi01,542.0,562.0,21.0,0.24193548387096775,0.44505194095133954,837.0,0.0,0.0,0.0,0
thomafr03,680.0,824.0,14.0,0.26857032606598497,0.4686475014470384,0.0,4.0,388.0,0.0,0
thomafr04,968.0,1040.0,28.0,0.3197056418642682,0.5731807031888798,0.0,0.0,0.0,0.0,1
thomago01,620.0,722.0,43.0,0.22884980988593157,0.45888783269961975,0.0,0.0,2.0,0.0,0
thompja01,634.0,778.0,8.0,0.26162913070932436,0.44011786992212165,0.0,0.0,0.0,0.0,0
thompro01,658.0,451.0,100.0,0.25875529779165735,0.40486281507918803,0.0,1244.0,0.0,1.0,0
thomsbo01,754.0,848.0,37.0,0.27059283897476033,0.4689884562707885,0.0,9.0,164.0,0.0,0
thornan01,683.0,734.0,40.0,0.26084938500812255,0.46925040612671154,0.0,0.0,3.0,0.0,0
tobinja01,828.0,497.0,128.0,0.3109040074557316,0.42702702702702705,0.0,0.0,0.0,0.0,0
torgeea01,738.0,636.0,114.0,0.26958738989337044,0.42049142327306444,0.0,0.0,0.0,0.0,0
torrejo01,631.0,753.0,12.0,0.2971161657189277,0.4646628757108042,903.0,0.0,73.0,0.0,0
tovarce01,828.0,427.0,223.0,0.2796703296703297,0.3710622710622711,1.0,208.0,225.0,76.0,0
trammal01,805.0,609.0,170.0,0.28871745419479267,0.42217936354869817,0.0,0.0,0.0,1388.0,1
travice01,654.0,645.0,23.0,0.31513390076811293,0.4183101515466058,0.0,4.0,439.0,710.0,0
traynpi01,929.0,1022.0,141.0,0.32419609910384817,0.4487787735020207,0.0,0.0,1417.0,32.0,1
troskha01,829.0,1004.0,28.0,0.3025210084033613,0.521985538401407,0.0,1.0,0.0,0.0,0
upshawi01,586.0,523.0,87.0,0.2631578947368421,0.4200869145340415,0.0,0.0,0.0,0.0,0
valenjo02,600.0,551.0,47.0,0.2804814233385662,0.4570905285190999,0.0,83.0,358.0,562.0,0
valenjo03,697.0,644.0,116.0,0.24654059040590406,0.4511070110701107,0.0,18.0,151.0,1073.0,0
vanslan01,720.0,688.0,220.0,0.27612412919569346,0.4549292801351066,0.0,0.0,62.0,0.0,0
vaughar01,936.0,764.0,86.0,0.3244115413819286,0.4715261958997722,0.0,0.0,5.0,1381.0,1
vaughgr01,806.0,859.0,95.0,0.24537426408746846,0.4802354920100925,0.0,0.0,0.0,0.0,0
vaughmo01,784.0,977.0,30.0,0.2978252114377769,0.5328231977446637,0.0,0.0,0.0,0.0,0
veachbo01,806.0,988.0,177.0,0.30996968075619763,0.44587123238808635,0.0,0.0,0.0,0.0,0
venturo01,741.0,854.0,16.0,0.2778761061946903,0.4523107177974435,0.0,0.0,1364.0,1.0,0
vernomi01,700.0,742.0,124.0,0.2833301725772805,0.4096339844490802,0.0,0.0,0.0,0.0,0
versazo01,644.0,466.0,96.0,0.24439150287869763,0.3698630136986301,0.0,53.0,65.0,1221.0,0
vidrojo01,614.0,550.0,21.0,0.30068123091378907,0.4587737843551797,0.0,1036.0,45.0,0.0,0
vinafe01,584.0,318.0,103.0,0.2850229240957718,0.38563423331635255,0.0,967.0,14.0,15.0,0
virdobi01,676.0,476.0,43.0,0.26582969432314413,0.37954876273653565,0.0,0.0,0.0,0.0,0
vosmijo01,815.0,857.0,23.0,0.3096750093388121,0.442286141202839,0.0,0.0,0.0,0.0,0
wagnele01,624.0,656.0,54.0,0.2727062094531974,0.4578313253012048,0.0,0.0,0.0,0.0,0
walkecu01,718.0,688.0,96.0,0.3043568036341111,0.44084245302498454,0.0,0.0,0.0,0.0,0
walkedi02,796.0,723.0,36.0,0.3061432058584215,0.4471114727420667,0.0,0.0,0.0,0.0,0
walkege02,726.0,762.0,179.0,0.3097628711813715,0.46336252937406536,0.0,0.0,0.0,0.0,0
walkela01,882.0,851.0,189.0,0.3130913091309131,0.570957095709571,0.0,1.0,1.0,0.0,0
walketi01,655.0,643.0,112.0,0.2809153894604241,0.43103086290153264,0.0,0.0,0.0,0.0,0
walketo04,634.0,535.0,64.0,0.2897830018083183,0.4385171790235081,0.0,1003.0,63.0,1.0,0
wallati01,623.0,771.0,46.0,0.266839378238342,0.43523316062176165,0.0,1.0,1390.0,1.0,0
wanerll01,904.0,444.0,55.0,0.32330554548749546,0.4077564334903951,0.0,2.0,0.0,0.0,1
wanerpa01,1121.0,863.0,87.0,0.3450262667344518,0.5121165904084054,0.0,0.0,0.0,0.0,1
washicl01,602.0,531.0,225.0,0.2785097682871422,0.41276692412539756,0.0,0.0,0.0,0.0,0
watsobo01,671.0,822.0,23.0,0.3014,0.4544,9.0,0.0,0.0,0.0,0
werbebi01,870.0,537.0,215.0,0.2712574850299401,0.39201596806387223,0.0,3.0,1142.0,93.0,0
wertzvi01,652.0,823.0,7.0,0.2784636488340192,0.47599451303155005,0.0,0.0,0.0,0.0,0
westsa01,781.0,657.0,46.0,0.30377936670071504,0.43615934627170583,0.0,0.0,0.0,0.0,0
wheatza01,620.0,636.0,161.0,0.29936808846761453,0.4188388625592417,0.0,0.0,0.0,0.0,1
whitalo01,829.0,579.0,106.0,0.2789463710441539,0.4070494599204093,0.0,1403.0,0.0,0.0,0
whitebi03,797.0,822.0,101.0,0.2899472823123069,0.46482457734957283,0.0,0.0,0.0,0.0,0
whitede03,851.0,596.0,262.0,0.26158940397350994,0.4177704194260486,0.0,0.0,0.0,0.0,0
whitefr01,495.0,407.0,134.0,0.25767182348465634,0.3712908952574182,0.0,1066.0,20.0,149.0,0
whitero01,713.0,568.0,170.0,0.2715798045602606,0.40879478827361565,0.0,2.0,17.0,0.0,0
whitnpi01,660.0,883.0,45.0,0.2975881261595547,0.4217068645640074,0.0,109.0,1281.0,2.0,0
willibe02,862.0,802.0,119.0,0.30441115272575947,0.496046608406159,0.0,0.0,0.0,0.0,0
willibi01,994.0,975.0,68.0,0.2948328267477204,0.5037593984962406,0.0,0.0,0.0,0.0,1
willicy01,552.0,526.0,89.0,0.2841700696613019,0.4323804948354552,0.0,0.0,0.0,0.0,0
willike01,779.0,823.0,148.0,0.3215213796361918,0.5457122608079377,0.0,1.0,0.0,0.0,0
willima04,594.0,732.0,29.0,0.2638318434404445,0.49818796810823873,0.0,0.0,1011.0,119.0,0
willite01,1273.0,1261.0,20.0,0.3466378293354306,0.6331104994101455,0.0,0.0,0.0,0.0,1
willsma01,821.0,329.0,502.0,0.28651488616462345,0.33590192644483363,0.0,0.0,328.0,1104.0,0
wilsoha01,860.0,1033.0,52.0,0.30978499341816584,0.5530934620447565,0.0,5.0,0.0,0.0,1
wilsomo01,689.0,406.0,309.0,0.2765374894692502,0.3887952822240944,0.0,0.0,0.0,0.0,0
wilsowi02,862.0,386.0,521.0,0.2948156261409273,0.3893756845564075,0.0,0.0,0.0,0.0,0
winfida01,735.0,800.0,149.0,0.28411860276198214,0.4742079610073111,0.0,0.0,0.0,0.0,1
winnra01,691.0,522.0,168.0,0.28606811145510835,0.4243550051599587,0.0,0.0,1.0,0.0,0
wittwh01,623.0,302.0,77.0,0.28733962720890827,0.364318566932946,0.0,66.0,8.0,255.0,0
woodjo02,202.0,275.0,19.0,0.2979310344827586,0.43310344827586206,0.0,19.0,0.0,0.0,0
woodlge01,554.0,514.0,19.0,0.28065241844769406,0.4282902137232846,0.0,0.0,0.0,0.0,0
wrighgl01,579.0,716.0,38.0,0.29514989032415306,0.4494272483548623,0.0,0.0,3.0,1048.0,0
wynegbu01,467.0,464.0,10.0,0.2579593883178741,0.34895963900727,1136.0,0.0,2.0,0.0,0
wynnji01,739.0,664.0,166.0,0.25862068965517243,0.4500218245307726,0.0,0.0,2.0,21.0,0
wyrosjo01,525.0,478.0,33.0,0.272294887039239,0.38430439952437573,0.0,1.0,2.0,0.0,0
yastrca01,920.0,869.0,103.0,0.296638216338617,0.49642919352029263,0.0,0.0,2.0,0.0,1
yorkru01,816.0,1055.0,37.0,0.28114285714285714,0.49638095238095237,237.0,0.0,41.0,0.0,0
yosted01,864.0,474.0,52.0,0.2565993788819876,0.3730590062111801,0.0,0.0,1394.0,0.0,0
younger01,762.0,427.0,377.0,0.28890362511052164,0.3952254641909814,0.0,1019.0,0.0,0.0,0
youngro01,807.0,591.0,152.0,0.32210389045859594,0.43946968050423824,0.0,12.0,0.0,0.0,1
yountro01,780.0,633.0,128.0,0.2840552995391705,0.4250691244239631,0.0,0.0,0.0,1359.0,1
zeileto01,715.0,797.0,47.0,0.26771803154094626,0.43150294508835263,105.0,0.0,1249.0,0.0,0
zernigu01,561.0,750.0,15.0,0.2658164541135284,0.4881220305076269,0.0,0.0,0.0,0.0,0
ziskri01,645.0,750.0,8.0,0.2908258789265654,0.47035573122529645,0.0,0.0,0.0,0.0,0
