Season,data_type,Team,W,L,SV,G,GS,IP,K/9,BB/9,HR/9,BABIP,LOB%,GB%,HR/FB,ERA,FIP,xFIP,WAR
2008,team_pitch,White Sox,89,74,34,626,163,1457.2,7.08,2.84,0.96,0.298,0.71,0.455,0.1,4.11,4,4.01,24.8
2008,team_pitch,Diamondbacks,82,80,39,606,162,1434.2,7.71,2.83,0.92,0.297,0.709,0.453,0.099,3.99,3.84,3.87,22.8
2008,team_pitch,Blue Jays,86,76,44,583,162,1446.2,7.37,2.91,0.83,0.284,0.748,0.466,0.093,3.49,3.81,3.92,22.1
2008,team_pitch,Dodgers,84,78,35,623,162,1447.1,7.49,2.98,0.76,0.295,0.726,0.496,0.093,3.68,3.67,3.77,20.2
2008,team_pitch,Cubs,97,64,44,639,161,1450.2,7.84,3.4,0.99,0.281,0.74,0.416,0.098,3.87,4.09,4.14,20
2008,team_pitch,Rockies,74,88,36,647,162,1446,6.48,3.5,0.92,0.309,0.686,0.468,0.1,4.77,4.3,4.32,19.5
2008,team_pitch,Rays,97,65,52,610,162,1457.2,7.06,3.25,1.02,0.277,0.74,0.408,0.093,3.82,4.22,4.35,18.7
2008,team_pitch,Red Sox,95,67,47,628,162,1446.1,7.37,3.41,0.91,0.289,0.726,0.435,0.092,4.01,4.09,4.23,18
2008,team_pitch,Angels,100,62,66,545,162,1451.1,6.86,2.83,0.99,0.296,0.73,0.443,0.098,4,4.12,4.17,17.2
2008,team_pitch,Yankees,89,73,42,637,162,1441.2,7.12,3.05,0.89,0.307,0.71,0.457,0.093,4.28,3.96,4.08,17
2008,team_pitch,Royals,75,87,44,601,162,1445.2,6.75,3.21,0.99,0.298,0.691,0.419,0.092,4.5,4.21,4.36,16.5
2008,team_pitch,Marlins,84,77,36,672,161,1435.1,7.07,3.67,1.01,0.29,0.706,0.417,0.098,4.44,4.37,4.42,15.3
2008,team_pitch,Giants,72,90,41,640,162,1442,7.74,4.07,0.92,0.3,0.714,0.392,0.088,4.38,4.24,4.44,15.2
2008,team_pitch,Phillies,92,70,47,630,162,1449.2,6.71,3.31,0.99,0.292,0.748,0.448,0.108,3.89,4.3,4.21,14.9
2008,team_pitch,Athletics,75,86,33,602,161,1435,6.65,3.61,0.85,0.287,0.722,0.412,0.08,4.01,4.19,4.53,14.7
2008,team_pitch,Brewers,90,72,45,607,162,1455.2,6.86,3.26,1.08,0.285,0.745,0.454,0.117,3.87,4.34,4.14,14.4
2008,team_pitch,Indians,81,81,31,561,162,1437,6.18,2.78,1.06,0.301,0.707,0.447,0.105,4.46,4.33,4.28,13.7
2008,team_pitch,Twins,88,75,42,648,163,1459,6.14,2.5,1.13,0.301,0.721,0.42,0.102,4.18,4.3,4.29,13.5
2008,team_pitch,Mets,89,73,43,719,162,1464.1,7.26,3.63,1,0.289,0.736,0.431,0.105,4.07,4.32,4.26,13.3
2008,team_pitch,Padres,63,99,30,653,162,1458.1,6.79,3.46,1.02,0.294,0.709,0.424,0.101,4.41,4.33,4.33,13.2
2008,team_pitch,Astros,86,75,48,649,161,1425.1,6.91,3.11,1.24,0.293,0.728,0.433,0.121,4.39,4.53,4.24,11.4
2008,team_pitch,Mariners,61,101,36,631,162,1435.1,6.37,3.93,1.01,0.307,0.707,0.447,0.098,4.73,4.59,4.64,9.9
2008,team_pitch,Rangers,79,83,36,619,162,1442,6.01,3.9,1.1,0.315,0.657,0.432,0.102,5.37,4.83,4.82,9.8
2008,team_pitch,Pirates,67,95,34,659,162,1455,5.96,4.06,1.09,0.311,0.695,0.44,0.108,5.1,4.84,4.74,9.5
2008,team_pitch,Cardinals,86,76,42,668,162,1454,5.92,3.07,1.01,0.295,0.729,0.453,0.103,4.2,4.4,4.37,8.8
2008,team_pitch,Reds,74,88,34,669,162,1442.1,7.66,3.48,1.25,0.312,0.725,0.427,0.127,4.55,4.54,4.18,8.5
2008,team_pitch,Tigers,74,88,34,602,162,1445,6.17,4.01,1.07,0.302,0.694,0.42,0.097,4.91,4.79,4.86,8.3
2008,team_pitch,Nationals,59,102,28,678,161,1434,6.67,3.69,1.19,0.296,0.701,0.424,0.116,4.66,4.71,4.49,8.1
2008,team_pitch,Braves,72,90,26,707,162,1440.2,6.72,3.66,0.97,0.293,0.697,0.483,0.114,4.47,4.35,4.2,7.5
2008,team_pitch,Orioles,68,93,35,653,161,1422,5.84,4.35,1.16,0.298,0.701,0.446,0.107,5.15,5.14,5.04,2.8
2009,team_pitch,Rockies,92,70,45,646,162,1438.1,7.22,3.3,0.88,0.299,0.713,0.473,0.099,4.24,3.96,3.99,21.2
2009,team_pitch,White Sox,79,83,36,577,162,1439.2,7,3.17,1.06,0.294,0.717,0.443,0.103,4.16,4.21,4.19,20.2
2009,team_pitch,Giants,88,74,41,619,162,1446,8.1,3.63,0.87,0.279,0.756,0.43,0.091,3.55,3.85,3.99,19.1
2009,team_pitch,Yankees,103,59,51,623,162,1450,7.82,3.56,1.12,0.29,0.719,0.423,0.111,4.28,4.32,4.17,18.8
2009,team_pitch,Braves,86,76,38,650,162,1462.2,7.58,3.26,0.73,0.299,0.738,0.464,0.081,3.57,3.66,3.91,18.7
2009,team_pitch,Red Sox,95,67,41,625,162,1436.2,7.71,3.32,1.05,0.309,0.73,0.409,0.094,4.35,4.14,4.25,18.6
2009,team_pitch,Dodgers,95,67,44,688,162,1473.1,7.77,3.57,0.78,0.275,0.749,0.437,0.081,3.41,3.8,4.07,18.5
2009,team_pitch,Cubs,83,78,40,641,161,1445.1,7.92,3.65,1,0.285,0.744,0.428,0.1,3.84,4.11,4.14,18.4
2009,team_pitch,Mariners,85,77,49,572,162,1452.2,6.46,3.31,1.07,0.272,0.734,0.412,0.097,3.87,4.39,4.46,18.1
2009,team_pitch,Athletics,75,87,38,650,162,1447.1,6.99,3.25,0.97,0.302,0.703,0.441,0.092,4.29,4.1,4.24,17.9
2009,team_pitch,Cardinals,91,71,43,643,162,1440.2,6.55,2.87,0.77,0.292,0.732,0.498,0.087,3.66,3.82,4,17.3
2009,team_pitch,Tigers,86,77,42,602,163,1447,6.85,3.69,1.13,0.293,0.732,0.427,0.106,4.34,4.53,4.45,17.1
2009,team_pitch,Blue Jays,75,87,25,607,162,1451,7.33,3.42,1.12,0.308,0.722,0.45,0.116,4.47,4.35,4.13,16.4
2009,team_pitch,Rangers,87,75,45,598,162,1434.2,6.37,3.33,1.07,0.288,0.721,0.425,0.1,4.38,4.49,4.5,15.6
2009,team_pitch,Marlins,87,75,45,692,162,1446.1,7.77,3.74,1,0.298,0.707,0.433,0.099,4.32,4.15,4.18,14.8
2009,team_pitch,Royals,65,97,34,588,162,1426,7.28,3.79,1.05,0.307,0.68,0.438,0.1,4.83,4.36,4.38,14.6
2009,team_pitch,Angels,97,65,51,596,162,1445,6.61,3.26,1.12,0.301,0.724,0.417,0.101,4.45,4.45,4.46,13.6
2009,team_pitch,Diamondbacks,70,92,36,645,162,1447.2,7.2,3.26,1.04,0.298,0.698,0.432,0.103,4.44,4.2,4.17,13.4
2009,team_pitch,Twins,87,76,48,643,163,1453,6.52,2.89,1.15,0.301,0.72,0.409,0.097,4.5,4.39,4.45,12.8
2009,team_pitch,Rays,84,78,41,672,162,1427.1,7.09,3.25,1.15,0.289,0.712,0.415,0.105,4.36,4.37,4.3,12.6
2009,team_pitch,Phillies,93,69,44,621,162,1455.2,7.13,3.02,1.17,0.296,0.75,0.408,0.11,4.16,4.36,4.22,12.2
2009,team_pitch,Astros,74,88,39,659,162,1430,7.2,3.44,1.11,0.311,0.72,0.456,0.115,4.54,4.35,4.16,12.1
2009,team_pitch,Pirates,62,99,28,617,161,1418.1,5.83,3.57,0.96,0.3,0.706,0.438,0.091,4.59,4.48,4.63,12
2009,team_pitch,Padres,75,87,45,689,162,1450.2,7.36,3.74,1.04,0.294,0.709,0.435,0.101,4.37,4.3,4.29,12
2009,team_pitch,Mets,70,92,39,673,162,1426,6.51,3.89,1,0.292,0.718,0.425,0.091,4.46,4.5,4.66,10.1
2009,team_pitch,Indians,65,97,25,607,162,1434,6.19,3.75,1.15,0.305,0.689,0.431,0.103,5.07,4.73,4.69,10.1
2009,team_pitch,Reds,78,84,41,640,162,1458.1,6.6,3.56,1.16,0.283,0.744,0.421,0.109,4.18,4.63,4.5,7.8
2009,team_pitch,Orioles,64,98,31,646,162,1429,5.88,3.44,1.37,0.307,0.703,0.417,0.116,5.16,5.03,4.78,6.3
2009,team_pitch,Nationals,59,103,33,694,162,1424.1,5.76,3.97,1.09,0.296,0.679,0.444,0.103,5.02,4.82,4.8,4.9
2009,team_pitch,Brewers,80,82,44,674,162,1435,6.92,3.81,1.3,0.295,0.719,0.426,0.12,4.84,4.84,4.54,4.8
2010,team_pitch,White Sox,88,74,43,569,162,1446.1,7.15,3.05,0.85,0.305,0.715,0.449,0.084,4.09,3.8,3.94,25
2010,team_pitch,Rockies,83,79,35,675,162,1442,7.7,3.28,0.87,0.302,0.708,0.465,0.096,4.14,3.83,3.8,21.4
2010,team_pitch,Rangers,90,72,46,643,162,1455.1,7.3,3.41,1,0.28,0.736,0.415,0.093,3.93,4.17,4.19,19.9
2010,team_pitch,Giants,92,70,57,638,162,1461,8.2,3.56,0.83,0.282,0.77,0.42,0.08,3.36,3.74,3.94,18.4
2010,team_pitch,Tigers,81,81,32,578,162,1444.1,6.58,3.35,0.88,0.296,0.706,0.438,0.083,4.29,4.14,4.31,17.7
2010,team_pitch,Twins,94,68,40,627,162,1452.2,6.49,2.37,0.96,0.299,0.734,0.447,0.092,3.95,3.91,3.93,17.6
2010,team_pitch,Phillies,97,65,40,613,162,1456.1,7.31,2.57,1.04,0.289,0.753,0.465,0.106,3.68,3.93,3.75,16.7
2010,team_pitch,Yankees,95,67,39,592,162,1442.1,7.2,3.37,1.12,0.281,0.74,0.439,0.107,4.06,4.34,4.15,16.6
2010,team_pitch,Padres,90,72,49,661,162,1456.1,8,3.2,0.86,0.286,0.767,0.46,0.093,3.41,3.66,3.67,16.6
2010,team_pitch,Blue Jays,85,77,45,617,162,1440.2,7.4,3.37,0.94,0.297,0.712,0.457,0.095,4.23,4.04,4.03,16.5
2010,team_pitch,Dodgers,80,82,41,637,162,1441.2,7.95,3.36,0.84,0.287,0.709,0.446,0.086,4.01,3.76,3.87,16.4
2010,team_pitch,Rays,96,66,51,653,162,1453.2,7.36,2.96,1.08,0.278,0.752,0.413,0.099,3.78,4.09,4,16.4
2010,team_pitch,Red Sox,89,73,44,605,162,1456.2,7.46,3.58,0.94,0.292,0.709,0.436,0.09,4.19,4.08,4.13,16.3
2010,team_pitch,Mariners,61,101,38,520,162,1438,6.09,2.83,0.98,0.279,0.714,0.434,0.09,3.95,4.17,4.23,16.2
2010,team_pitch,Marlins,80,82,39,643,162,1438.1,7.31,3.44,0.84,0.301,0.713,0.436,0.081,4.09,3.92,4.11,16.1
2010,team_pitch,Astros,76,86,45,669,162,1439.1,7.57,3.43,0.88,0.305,0.71,0.443,0.088,4.09,3.89,3.97,15.2
2010,team_pitch,Braves,91,71,41,652,162,1439.1,7.76,3.16,0.79,0.29,0.734,0.499,0.093,3.57,3.65,3.65,15.1
2010,team_pitch,Mets,79,83,36,653,162,1453,6.85,3.38,0.84,0.296,0.749,0.448,0.084,3.73,4,4.14,14
2010,team_pitch,Athletics,81,81,38,585,162,1431.2,6.73,3.22,0.96,0.274,0.751,0.461,0.097,3.58,4.13,4.08,13.7
2010,team_pitch,Cubs,75,87,40,644,162,1436.2,7.94,3.79,0.96,0.298,0.704,0.433,0.095,4.24,4.11,4.08,13.3
2010,team_pitch,Angels,80,82,39,572,162,1449.1,7.02,3.51,0.92,0.292,0.729,0.426,0.085,4.04,4.11,4.24,13.3
2010,team_pitch,Reds,91,71,43,664,162,1453,7,3.25,0.98,0.288,0.736,0.429,0.094,4.02,4.12,4.13,12.3
2010,team_pitch,Cardinals,86,76,32,617,162,1453.2,6.77,2.95,0.82,0.292,0.74,0.495,0.092,3.57,3.85,3.87,11.3
2010,team_pitch,Indians,69,93,34,632,162,1433,6.07,3.59,0.92,0.297,0.714,0.479,0.093,4.3,4.4,4.41,10.7
2010,team_pitch,Orioles,66,96,35,616,162,1436.1,6.31,3.26,1.17,0.294,0.713,0.421,0.102,4.59,4.57,4.44,9.9
2010,team_pitch,Nationals,69,93,37,656,162,1435,6.7,3.21,0.95,0.297,0.708,0.445,0.094,4.13,4.12,4.13,9.7
2010,team_pitch,Royals,67,95,44,603,162,1436.2,6.48,3.45,1.1,0.304,0.686,0.425,0.098,4.97,4.48,4.41,9.3
2010,team_pitch,Brewers,77,85,35,657,162,1439,7.87,3.64,1.08,0.308,0.7,0.418,0.103,4.59,4.21,4.07,6.5
2010,team_pitch,Pirates,57,105,31,679,162,1411.2,6.54,3.43,1.06,0.311,0.674,0.44,0.1,5,4.45,4.35,5.8
2010,team_pitch,Diamondbacks,65,97,35,616,162,1432,6.72,3.44,1.32,0.296,0.701,0.418,0.12,4.81,4.76,4.35,2
2011,team_pitch,Phillies,102,60,47,556,162,1477,7.92,2.46,0.73,0.286,0.775,0.465,0.083,3.02,3.24,3.41,29.3
2011,team_pitch,White Sox,79,83,42,572,162,1460,7.52,2.71,0.91,0.303,0.713,0.442,0.094,4.1,3.66,3.69,23.3
2011,team_pitch,Dodgers,82,79,40,622,161,1432,7.95,3.19,0.83,0.285,0.741,0.428,0.088,3.56,3.61,3.72,20.5
2011,team_pitch,Rangers,96,66,38,579,162,1441.1,7.36,2.88,1.06,0.278,0.725,0.426,0.107,3.79,3.98,3.83,19.4
2011,team_pitch,Athletics,74,88,39,622,162,1447.2,7.21,3.23,0.85,0.289,0.721,0.441,0.085,3.71,3.8,3.98,18
2011,team_pitch,Indians,80,82,38,645,162,1453.1,6.34,2.87,0.95,0.293,0.695,0.454,0.095,4.24,4.06,4.09,17.9
2011,team_pitch,Mariners,67,95,39,513,162,1433,6.83,2.74,0.91,0.285,0.715,0.438,0.091,3.91,3.84,3.92,17.5
2011,team_pitch,Yankees,97,65,47,627,162,1458.1,7.54,3.13,0.94,0.297,0.75,0.442,0.099,3.73,3.87,3.84,17.5
2011,team_pitch,Giants,86,76,52,642,162,1468,8.07,3.43,0.59,0.283,0.744,0.464,0.069,3.21,3.33,3.66,17.1
2011,team_pitch,Rays,91,71,32,600,162,1449,7.1,3.13,1,0.265,0.755,0.421,0.098,3.58,4.03,4.01,17
2011,team_pitch,Brewers,96,66,47,596,162,1441.2,7.85,2.75,0.92,0.288,0.732,0.447,0.097,3.64,3.59,3.58,16.5
2011,team_pitch,Tigers,95,67,52,583,162,1440,6.97,3.08,0.93,0.292,0.712,0.445,0.093,4.04,3.96,4,16.5
2011,team_pitch,Padres,71,91,44,651,162,1449.1,7.07,3.24,0.78,0.283,0.745,0.44,0.082,3.43,3.73,3.93,15.3
2011,team_pitch,Marlins,72,90,40,670,162,1459.2,7.51,3.08,0.92,0.292,0.715,0.446,0.096,3.95,3.79,3.8,15.3
2011,team_pitch,Angels,86,76,39,548,162,1465,6.5,2.92,0.87,0.282,0.745,0.449,0.088,3.57,3.89,4.01,15.1
2011,team_pitch,Red Sox,90,72,36,606,162,1457.1,7.49,3.33,0.96,0.285,0.708,0.423,0.091,4.2,4.05,4.13,14.3
2011,team_pitch,Rockies,73,89,41,679,162,1447.2,6.95,3.25,1.09,0.298,0.706,0.461,0.116,4.44,4.24,3.98,13.7
2011,team_pitch,Braves,89,73,52,672,162,1479.2,8.1,3.17,0.76,0.288,0.752,0.475,0.092,3.49,3.49,3.54,13.6
2011,team_pitch,Cardinals,90,72,47,630,162,1462,6.76,2.76,0.84,0.296,0.716,0.477,0.093,3.79,3.75,3.79,12.2
2011,team_pitch,Diamondbacks,94,68,58,625,162,1443.1,6.6,2.76,0.99,0.286,0.739,0.419,0.095,3.8,4.02,4.05,11.7
2011,team_pitch,Mets,77,85,43,676,162,1448,7,3.19,0.91,0.299,0.712,0.461,0.094,4.19,4,4.04,11.5
2011,team_pitch,Royals,71,91,37,582,162,1451.1,6.7,3.45,1.01,0.299,0.715,0.439,0.099,4.45,4.27,4.24,11.1
2011,team_pitch,Cubs,71,91,40,657,162,1434.1,7.68,3.64,1.02,0.301,0.713,0.43,0.103,4.34,4.11,4.02,11
2011,team_pitch,Nationals,80,81,49,664,161,1449.1,6.51,2.96,0.8,0.287,0.736,0.446,0.082,3.58,3.83,4.04,10.9
2011,team_pitch,Blue Jays,81,81,33,636,162,1458.2,7.21,3.33,1.1,0.29,0.716,0.444,0.113,4.33,4.29,4.06,10.8
2011,team_pitch,Pirates,72,90,43,711,162,1449.1,6.4,3.32,0.94,0.3,0.737,0.456,0.098,4.05,4.2,4.18,8.5
2011,team_pitch,Twins,63,99,32,619,162,1421.2,5.95,3.04,1.02,0.307,0.691,0.44,0.095,4.6,4.3,4.33,7.6
2011,team_pitch,Astros,56,106,25,665,162,1435,7.47,3.51,1.18,0.301,0.708,0.432,0.12,4.51,4.35,4.02,6
2011,team_pitch,Reds,79,83,39,663,162,1467.2,6.82,3.31,1.13,0.282,0.737,0.448,0.115,4.16,4.37,4.11,5.8
2011,team_pitch,Orioles,69,93,32,640,162,1446.2,6.49,3.33,1.31,0.302,0.695,0.431,0.121,4.92,4.67,4.29,5.1
2012,team_pitch,Tigers,88,74,40,582,162,1430.2,8.29,2.76,0.95,0.307,0.727,0.434,0.105,3.77,3.63,3.74,24.6
2012,team_pitch,Rangers,93,69,43,590,162,1442,8.03,2.78,1.09,0.292,0.715,0.439,0.116,4.02,3.9,3.86,22.4
2012,team_pitch,Dodgers,86,76,40,668,162,1449.2,7.92,3.35,0.76,0.283,0.748,0.455,0.089,3.35,3.64,3.93,21.7
2012,team_pitch,Rays,90,72,50,634,162,1459.2,8.53,2.89,0.86,0.277,0.755,0.479,0.107,3.19,3.51,3.59,20.4
2012,team_pitch,Phillies,81,81,42,602,162,1451.1,8.59,2.54,1.1,0.298,0.729,0.435,0.121,3.86,3.72,3.61,19.6
2012,team_pitch,Athletics,94,68,47,624,162,1470,6.96,2.83,0.9,0.279,0.754,0.417,0.091,3.5,3.89,4.2,19.4
2012,team_pitch,Nationals,98,64,51,644,162,1468.1,8.12,3.05,0.79,0.282,0.751,0.463,0.092,3.34,3.54,3.8,19.2
2012,team_pitch,Reds,97,65,56,587,162,1453,7.73,2.64,0.94,0.288,0.769,0.459,0.107,3.34,3.72,3.8,18.3
2012,team_pitch,Mariners,75,87,43,613,162,1456.2,7.2,2.77,1.03,0.282,0.742,0.429,0.106,3.76,4,4.09,17.6
2012,team_pitch,White Sox,85,77,37,628,162,1445.2,7.76,3.13,1.16,0.288,0.752,0.427,0.121,4.02,4.23,4.12,16.8
2012,team_pitch,Yankees,95,67,51,647,162,1445.1,8.21,2.68,1.18,0.296,0.751,0.449,0.13,3.85,3.98,3.75,16.5
2012,team_pitch,Orioles,93,69,55,654,162,1483,7.14,2.92,1.12,0.285,0.738,0.447,0.117,3.9,4.2,4.14,16.4
2012,team_pitch,Cardinals,88,74,42,668,162,1462.2,7.49,2.68,0.82,0.298,0.732,0.485,0.104,3.71,3.62,3.72,16.2
2012,team_pitch,Royals,72,90,44,662,162,1451.1,7.3,3.36,1.01,0.311,0.724,0.432,0.105,4.3,4.18,4.29,15.3
2012,team_pitch,Diamondbacks,81,81,39,623,162,1433.2,7.53,2.62,0.97,0.301,0.72,0.461,0.11,3.94,3.81,3.84,15
2012,team_pitch,Brewers,83,79,44,674,162,1453.2,8.68,3.25,1.05,0.313,0.721,0.438,0.121,4.22,3.82,3.73,14.1
2012,team_pitch,Mets,74,88,36,667,162,1434,7.78,3.06,1.01,0.29,0.711,0.426,0.105,4.09,3.93,4.04,13.8
2012,team_pitch,Pirates,79,83,45,645,162,1433.1,7.48,3.08,0.96,0.286,0.726,0.466,0.11,3.91,3.94,3.97,13.6
2012,team_pitch,Marlins,69,93,38,645,162,1440.2,6.95,3.09,0.83,0.3,0.703,0.45,0.092,4.1,3.89,4.17,13.5
2012,team_pitch,Indians,68,94,43,656,162,1442,6.78,3.39,1.09,0.3,0.676,0.459,0.114,4.79,4.4,4.39,12.6
2012,team_pitch,Braves,94,68,47,622,162,1445.1,7.67,2.89,0.9,0.284,0.754,0.472,0.108,3.42,3.74,3.8,11.4
2012,team_pitch,Giants,94,68,53,688,162,1451,7.67,3.03,0.88,0.289,0.736,0.46,0.099,3.68,3.78,3.95,10.6
2012,team_pitch,Angels,89,73,38,606,162,1433.1,7.26,3.03,1.17,0.277,0.726,0.439,0.121,4.02,4.26,4.15,10.4
2012,team_pitch,Rockies,64,98,36,737,162,1422,7.24,3.58,1.25,0.325,0.689,0.452,0.137,5.22,4.59,4.28,9.7
2012,team_pitch,Astros,55,107,31,703,162,1423.1,7.4,3.41,1.09,0.306,0.7,0.479,0.122,4.57,4.27,4.15,9.2
2012,team_pitch,Blue Jays,73,89,29,657,162,1443.2,7.12,3.58,1.27,0.291,0.72,0.465,0.141,4.64,4.66,4.3,7.6
2012,team_pitch,Padres,76,86,43,691,162,1434.2,7.56,3.38,1.02,0.284,0.718,0.475,0.117,4.01,4.11,4.05,7.2
2012,team_pitch,Twins,66,96,35,661,162,1438.2,5.9,2.91,1.24,0.294,0.689,0.457,0.127,4.77,4.66,4.46,6.4
2012,team_pitch,Red Sox,69,93,35,651,162,1443,7.33,3.3,1.19,0.296,0.696,0.464,0.132,4.72,4.41,4.16,6.4
2012,team_pitch,Cubs,61,101,28,655,162,1413.2,7.18,3.65,1.11,0.291,0.713,0.432,0.118,4.51,4.46,4.39,4.2
2013,team_pitch,Tigers,93,69,39,590,162,1462.2,8.79,2.84,0.79,0.306,0.737,0.454,0.092,3.61,3.27,3.43,26.1
2013,team_pitch,Dodgers,92,70,46,666,162,1450.1,8.02,2.85,0.79,0.291,0.755,0.471,0.099,3.25,3.45,3.52,21.5
2013,team_pitch,Rangers,91,72,46,638,163,1463.1,8.05,3.06,0.97,0.293,0.755,0.428,0.107,3.63,3.77,3.75,21.5
2013,team_pitch,Mets,74,88,40,697,162,1476.2,7.37,2.79,0.93,0.295,0.729,0.445,0.1,3.78,3.79,3.86,18.3
2013,team_pitch,Royals,86,76,52,589,162,1448.1,7.51,2.91,0.96,0.29,0.769,0.418,0.1,3.45,3.83,3.9,17.6
2013,team_pitch,Braves,96,66,53,628,162,1450.1,7.65,2.54,0.79,0.288,0.77,0.458,0.094,3.18,3.44,3.58,17.4
2013,team_pitch,Reds,90,72,43,623,162,1473.2,7.91,2.66,1.04,0.273,0.775,0.441,0.115,3.38,3.81,3.68,17.3
2013,team_pitch,Cardinals,97,65,44,645,162,1459.2,7.73,2.78,0.69,0.297,0.745,0.485,0.085,3.43,3.39,3.63,17.3
2013,team_pitch,Rockies,74,88,35,665,162,1436,6.67,3.24,0.85,0.314,0.702,0.474,0.1,4.44,3.96,4.02,17.2
2013,team_pitch,Nationals,86,76,47,602,162,1445.2,7.69,2.52,0.88,0.291,0.737,0.45,0.098,3.59,3.55,3.64,17
2013,team_pitch,Athletics,96,66,46,609,162,1452,7.33,2.65,1.01,0.276,0.748,0.395,0.092,3.56,3.83,4.05,16.6
2013,team_pitch,Pirates,94,68,55,627,162,1470.2,7.72,3.15,0.62,0.285,0.75,0.525,0.089,3.27,3.42,3.58,16.6
2013,team_pitch,Indians,92,70,38,702,162,1441.1,8.61,3.46,0.92,0.302,0.742,0.445,0.107,3.82,3.73,3.71,16.4
2013,team_pitch,White Sox,63,99,40,632,162,1455,7.73,3.15,1.13,0.295,0.731,0.433,0.115,4,4.13,3.98,16.2
2013,team_pitch,Mariners,71,91,43,610,162,1465,7.97,2.94,1.07,0.303,0.707,0.453,0.118,4.32,3.89,3.72,16
2013,team_pitch,Red Sox,97,65,33,612,162,1454,8.01,3.24,0.97,0.294,0.745,0.429,0.102,3.79,3.84,3.89,15.4
2013,team_pitch,Marlins,62,100,36,633,162,1460,7.26,3.24,0.75,0.292,0.732,0.453,0.084,3.71,3.69,3.96,15
2013,team_pitch,Yankees,85,77,49,590,162,1447.1,7.67,2.72,1.06,0.302,0.746,0.44,0.115,3.94,3.89,3.76,14.4
2013,team_pitch,Rays,92,71,42,648,163,1464,8.05,2.96,0.94,0.284,0.736,0.446,0.106,3.74,3.71,3.71,14.3
2013,team_pitch,Phillies,73,89,32,628,162,1436.1,7.51,3.17,0.95,0.306,0.705,0.445,0.101,4.34,3.94,4,13.4
2013,team_pitch,Twins,66,96,40,673,162,1450.1,6.11,2.84,1.04,0.309,0.702,0.437,0.102,4.55,4.23,4.28,11.8
2013,team_pitch,Orioles,85,77,57,635,162,1453,7.24,2.93,1.25,0.291,0.746,0.422,0.129,4.2,4.33,3.99,11.4
2013,team_pitch,Cubs,66,96,39,651,162,1448,7.36,3.36,0.99,0.279,0.728,0.424,0.103,4,4.1,4.13,11.1
2013,team_pitch,Angels,78,84,41,658,162,1457.2,7.41,3.29,1.03,0.3,0.723,0.421,0.104,4.24,4.08,4.1,10
2013,team_pitch,Blue Jays,74,88,39,649,162,1452,7.49,3.1,1.21,0.293,0.723,0.44,0.123,4.26,4.3,4.04,9.5
2013,team_pitch,Diamondbacks,81,81,38,689,162,1495,7.33,2.92,1.06,0.292,0.745,0.46,0.122,3.92,4.04,3.83,8.5
2013,team_pitch,Padres,76,86,40,650,162,1455,7.24,3.25,0.96,0.292,0.725,0.458,0.108,3.98,4,3.96,7.8
2013,team_pitch,Giants,76,86,41,686,162,1447.1,7.81,3.24,0.9,0.295,0.721,0.421,0.099,4,3.8,3.89,6.9
2013,team_pitch,Brewers,74,88,40,663,162,1442.2,7.02,2.91,1.09,0.286,0.735,0.444,0.119,3.84,4.12,3.94,5.6
2013,team_pitch,Astros,51,111,32,610,162,1440,6.78,3.85,1.19,0.303,0.7,0.439,0.118,4.79,4.67,4.48,2.1
2014,team_pitch,Nationals,96,66,45,620,162,1470.2,7.88,2.15,0.67,0.294,0.749,0.448,0.075,3.03,3.18,3.43,23.8
2014,team_pitch,Cubs,73,89,37,699,162,1463.1,8.06,3.1,0.71,0.304,0.696,0.44,0.08,3.92,3.51,3.7,20.4
2014,team_pitch,Indians,85,77,40,735,162,1468.1,8.89,2.84,0.83,0.309,0.732,0.467,0.1,3.57,3.42,3.36,20.2
2014,team_pitch,Dodgers,94,68,47,658,162,1464.2,8.44,2.64,0.87,0.292,0.74,0.478,0.108,3.4,3.48,3.33,19.9
2014,team_pitch,Tigers,90,72,41,635,162,1454,7.7,2.86,0.79,0.312,0.707,0.442,0.083,4.01,3.6,3.76,19.4
2014,team_pitch,Braves,79,83,54,634,162,1455,8.05,2.92,0.75,0.3,0.75,0.427,0.083,3.38,3.47,3.63,19
2014,team_pitch,Athletics,88,74,31,603,162,1463.1,7.65,2.5,0.9,0.272,0.759,0.456,0.1,3.22,3.67,3.6,17.4
2014,team_pitch,Yankees,84,78,48,637,162,1453,8.49,2.47,1.02,0.298,0.733,0.437,0.113,3.75,3.67,3.43,17.3
2014,team_pitch,Royals,89,73,53,613,162,1450.2,7.25,2.73,0.79,0.292,0.739,0.431,0.082,3.51,3.69,3.88,17.3
2014,team_pitch,Phillies,73,89,40,623,162,1468.1,7.69,3.19,0.82,0.295,0.722,0.464,0.094,3.81,3.81,3.83,16.8
2014,team_pitch,Marlins,77,85,42,649,162,1457.2,7.35,2.83,0.7,0.31,0.719,0.469,0.08,3.79,3.56,3.75,16.7
2014,team_pitch,Cardinals,90,72,55,647,162,1448.2,7.59,2.92,0.76,0.286,0.744,0.454,0.086,3.5,3.65,3.77,16.4
2014,team_pitch,Twins,70,92,38,653,162,1435,6.47,2.56,0.92,0.315,0.689,0.418,0.086,4.58,3.97,4.12,15
2014,team_pitch,Rays,77,85,37,656,162,1463.2,8.84,2.96,0.89,0.286,0.741,0.408,0.091,3.56,3.56,3.62,14.5
2014,team_pitch,Angels,98,64,46,705,162,1482.2,8.15,3.06,0.76,0.285,0.733,0.417,0.08,3.58,3.57,3.78,14.1
2014,team_pitch,Blue Jays,83,79,45,611,162,1443,7.48,3.06,0.94,0.294,0.727,0.429,0.094,4,3.97,3.99,13.9
2014,team_pitch,Mariners,87,75,51,659,162,1452,8.16,2.87,0.85,0.275,0.768,0.454,0.099,3.17,3.61,3.57,13.1
2014,team_pitch,Reds,76,86,44,590,162,1446,8.03,3.16,1.01,0.277,0.765,0.451,0.116,3.59,4.01,3.75,13
2014,team_pitch,Mets,79,83,42,651,162,1463.2,8.01,3.13,0.87,0.295,0.757,0.458,0.099,3.49,3.75,3.7,13
2014,team_pitch,Orioles,96,66,53,641,162,1461.1,7.23,2.91,0.93,0.28,0.77,0.438,0.098,3.44,3.96,3.92,12.9
2014,team_pitch,Padres,77,85,41,643,162,1438.2,8.03,2.89,0.73,0.289,0.749,0.452,0.086,3.27,3.46,3.57,12
2014,team_pitch,White Sox,73,89,36,615,162,1441,7.2,3.48,0.87,0.306,0.704,0.461,0.094,4.3,4.1,4.11,11.5
2014,team_pitch,Brewers,82,80,45,640,162,1457.2,7.69,2.66,1.03,0.289,0.74,0.456,0.113,3.67,3.89,3.65,11.1
2014,team_pitch,Red Sox,71,91,36,655,162,1465.2,7.45,2.96,0.95,0.301,0.718,0.436,0.099,4.01,3.93,3.87,10.5
2014,team_pitch,Astros,70,92,31,600,162,1438.2,7.11,3.03,0.87,0.299,0.703,0.464,0.096,4.14,3.93,3.91,9.5
2014,team_pitch,Giants,88,74,46,637,162,1449,7.52,2.42,0.83,0.282,0.727,0.459,0.094,3.5,3.58,3.59,9.2
2014,team_pitch,Rangers,67,95,33,638,162,1426.1,7,3.19,1.01,0.31,0.704,0.395,0.093,4.49,4.22,4.26,9
2014,team_pitch,Pirates,88,74,48,614,162,1456.1,7.59,3.08,0.79,0.29,0.742,0.505,0.103,3.49,3.8,3.71,7.9
2014,team_pitch,Diamondbacks,64,98,35,650,162,1444.1,7.96,2.92,0.96,0.312,0.703,0.461,0.111,4.26,3.83,3.63,7.7
2014,team_pitch,Rockies,66,96,24,709,162,1431,6.75,3.34,1.09,0.307,0.692,0.477,0.127,4.86,4.43,4.04,7.7
2015,team_pitch,Cubs,97,65,48,714,162,1461.1,8.81,2.51,0.83,0.287,0.727,0.466,0.107,3.36,3.3,3.37,22.8
2015,team_pitch,Nationals,83,79,41,630,162,1434.2,8.42,2.28,0.91,0.3,0.727,0.447,0.103,3.62,3.45,3.58,21.7
2015,team_pitch,Indians,81,80,38,637,161,1432.2,8.84,2.67,1.01,0.288,0.728,0.445,0.117,3.68,3.62,3.57,20.9
2015,team_pitch,Cardinals,100,62,62,677,162,1464.2,8.17,2.93,0.76,0.297,0.794,0.48,0.094,2.94,3.48,3.71,20.6
2015,team_pitch,Dodgers,92,70,47,677,162,1445.2,8.69,2.46,0.9,0.296,0.747,0.501,0.121,3.46,3.41,3.33,20.4
2015,team_pitch,Pirates,98,64,54,662,162,1489.2,8.08,2.74,0.66,0.302,0.75,0.504,0.094,3.23,3.36,3.56,19.5
2015,team_pitch,Mets,90,72,50,647,162,1462.2,8.23,2.36,0.94,0.288,0.743,0.463,0.108,3.45,3.53,3.6,18.7
2015,team_pitch,Yankees,87,75,48,659,162,1457.2,8.46,2.93,1.12,0.3,0.738,0.47,0.136,4.03,3.97,3.7,18.6
2015,team_pitch,Astros,86,76,39,644,162,1441,7.99,2.64,0.92,0.285,0.738,0.473,0.109,3.57,3.66,3.71,18.6
2015,team_pitch,White Sox,76,86,37,576,162,1452.2,8.42,2.94,1,0.311,0.729,0.452,0.114,3.98,3.82,3.81,17.5
2015,team_pitch,Orioles,81,81,43,615,162,1434.2,7.73,3.03,1.09,0.298,0.736,0.452,0.12,4.05,4.11,4.04,16
2015,team_pitch,Twins,83,79,45,682,162,1443,6.52,2.58,1.02,0.3,0.728,0.44,0.104,4.07,4.1,4.23,15.9
2015,team_pitch,Rays,80,82,60,692,162,1453.1,8.39,2.95,1.08,0.284,0.751,0.418,0.112,3.74,3.91,3.94,14.6
2015,team_pitch,Blue Jays,93,69,34,631,162,1441,6.98,2.48,1.08,0.278,0.727,0.437,0.11,3.81,4.09,4.14,13.8
2015,team_pitch,Royals,95,67,56,655,162,1452,7.19,3.03,0.96,0.286,0.75,0.428,0.099,3.74,4.04,4.25,13.6
2015,team_pitch,Athletics,68,94,28,649,162,1444.2,7.34,2.95,1.07,0.289,0.71,0.45,0.114,4.16,4.13,4.13,13
2015,team_pitch,Angels,85,77,46,680,162,1440.2,7.63,2.91,1.04,0.285,0.733,0.415,0.1,3.94,4.06,4.26,11.8
2015,team_pitch,Red Sox,78,84,40,637,162,1448.1,7.57,2.97,1.11,0.305,0.717,0.441,0.116,4.34,4.17,4.14,11.8
2015,team_pitch,Marlins,71,91,35,648,162,1427,7.27,3.2,0.89,0.294,0.723,0.445,0.095,4.04,3.98,4.23,11.8
2015,team_pitch,Tigers,74,87,35,666,161,1447,6.84,3.04,1.2,0.298,0.697,0.429,0.12,4.64,4.46,4.36,11.6
2015,team_pitch,Rangers,88,74,45,660,162,1442.2,6.83,3.17,1.07,0.294,0.724,0.442,0.112,4.25,4.34,4.37,11
2015,team_pitch,Reds,64,98,35,683,162,1453.1,7.75,3.37,1.1,0.297,0.717,0.441,0.121,4.35,4.24,4.14,11
2015,team_pitch,Diamondbacks,79,83,44,712,162,1466.2,7.46,3.07,1.12,0.294,0.737,0.457,0.123,4.05,4.21,4.09,10.4
2015,team_pitch,Phillies,63,99,35,665,162,1436.1,7.22,3.06,1.2,0.316,0.711,0.44,0.122,4.69,4.4,4.29,10.2
2015,team_pitch,Padres,74,88,41,678,162,1440.1,8.7,3.22,1.07,0.303,0.711,0.469,0.133,4.09,3.93,3.71,9.9
2015,team_pitch,Brewers,68,94,40,658,162,1435,7.9,3.24,1.1,0.303,0.721,0.461,0.127,4.28,4.17,4,9.9
2015,team_pitch,Mariners,76,86,45,671,162,1463,7.89,3.02,1.11,0.298,0.728,0.463,0.125,4.16,4.14,3.99,9.3
2015,team_pitch,Giants,84,78,41,719,162,1444.1,7.26,2.69,0.97,0.283,0.745,0.46,0.108,3.73,3.92,3.99,9.1
2015,team_pitch,Rockies,68,94,36,746,162,1426.1,7.02,3.65,1.15,0.318,0.699,0.477,0.132,5.04,4.56,4.33,8.6
2015,team_pitch,Braves,67,95,44,694,162,1425.1,7.25,3.47,1.07,0.305,0.714,0.434,0.113,4.41,4.34,4.36,6.9
2016,team_pitch,Nationals,95,67,46,670,162,1459.2,9.1,2.89,0.96,0.288,0.75,0.433,0.109,3.52,3.58,3.82,23.3
2016,team_pitch,Mets,87,75,55,700,162,1447,8.68,2.73,0.95,0.308,0.756,0.442,0.111,3.58,3.57,3.78,21
2016,team_pitch,Dodgers,91,71,47,768,162,1453,9.35,2.87,1.02,0.288,0.738,0.428,0.117,3.7,3.61,3.75,20.4
2016,team_pitch,Red Sox,93,69,43,625,162,1439.2,8.51,3.06,1.1,0.293,0.729,0.415,0.114,4,4,4.2,18.8
2016,team_pitch,Cubs,103,58,38,665,162,1459.2,8.88,3.05,1.01,0.255,0.775,0.469,0.131,3.15,3.77,3.74,18.8
2016,team_pitch,Indians,94,67,37,665,161,1445,8.71,2.87,1.16,0.289,0.734,0.467,0.137,3.86,3.91,3.8,18.6
2016,team_pitch,Yankees,84,78,48,645,162,1428.1,8.78,2.8,1.35,0.292,0.742,0.469,0.155,4.16,4.2,3.86,18.3
2016,team_pitch,Tigers,86,75,47,637,161,1428,7.76,2.91,1.15,0.3,0.722,0.445,0.117,4.24,4.16,4.31,18
2016,team_pitch,White Sox,78,84,43,643,162,1446.2,7.9,3.24,1.15,0.298,0.74,0.431,0.12,4.12,4.27,4.38,17.9
2016,team_pitch,Astros,84,78,44,662,162,1468,8.56,2.78,1.11,0.306,0.734,0.452,0.126,4.06,3.85,3.87,17.7
2016,team_pitch,Blue Jays,89,73,43,649,162,1459.1,8.1,2.84,1.13,0.282,0.745,0.466,0.13,3.79,4.04,4.02,17.4
2016,team_pitch,Cardinals,86,76,38,643,162,1448.1,8.02,2.95,0.99,0.304,0.718,0.495,0.128,4.08,3.88,3.88,16.4
2016,team_pitch,Orioles,89,73,54,605,162,1432,7.84,3.43,1.15,0.299,0.738,0.448,0.126,4.22,4.31,4.34,15.4
2016,team_pitch,Marlins,79,82,55,720,161,1435,8.65,3.73,0.95,0.303,0.74,0.43,0.109,4.05,3.97,4.21,15.2
2016,team_pitch,Giants,87,75,43,737,162,1460.1,8.07,2.71,0.97,0.287,0.743,0.453,0.108,3.69,3.76,4.01,14.5
2016,team_pitch,Mariners,86,76,49,638,162,1457,8.14,2.84,1.32,0.292,0.749,0.434,0.138,4,4.3,4.17,14.5
2016,team_pitch,Phillies,71,91,43,667,162,1437,8.14,2.92,1.33,0.304,0.705,0.41,0.138,4.64,4.34,4.21,13.7
2016,team_pitch,Rockies,75,87,37,695,162,1429.1,7.7,3.44,1.14,0.317,0.68,0.491,0.141,4.92,4.38,4.23,13.5
2016,team_pitch,Athletics,69,93,42,654,162,1433.1,7.46,2.91,1.16,0.299,0.707,0.462,0.125,4.51,4.24,4.28,13.4
2016,team_pitch,Rangers,95,67,56,641,162,1443,7.2,3.33,1.25,0.292,0.728,0.455,0.135,4.38,4.58,4.49,12.8
2016,team_pitch,Royals,81,81,41,634,162,1440,8.04,3.23,1.29,0.298,0.754,0.443,0.134,4.21,4.42,4.33,11.9
2016,team_pitch,Brewers,73,89,46,675,162,1434.1,7.37,3.34,1.12,0.3,0.731,0.46,0.124,4.1,4.37,4.42,11.2
2016,team_pitch,Rays,68,94,42,647,162,1426.1,8.56,3.1,1.33,0.297,0.742,0.41,0.131,4.2,4.26,4.22,10.9
2016,team_pitch,Twins,59,103,26,695,162,1443,7.43,2.99,1.38,0.319,0.683,0.43,0.139,5.09,4.57,4.42,10.6
2016,team_pitch,Diamondbacks,69,93,31,737,162,1451.1,8.17,3.74,1.25,0.32,0.687,0.46,0.141,5.09,4.5,4.34,9.8
2016,team_pitch,Braves,68,93,39,748,161,1447.2,7.63,3.4,1.1,0.293,0.702,0.447,0.117,4.51,4.32,4.48,9.3
2016,team_pitch,Pirates,78,83,51,687,162,1450.2,7.64,3.31,1.12,0.306,0.725,0.469,0.13,4.22,4.3,4.28,9
2016,team_pitch,Padres,68,94,35,672,162,1440,7.64,3.56,1.14,0.296,0.713,0.464,0.126,4.44,4.4,4.42,8.8
2016,team_pitch,Angels,74,88,29,689,162,1421.1,7.19,3.15,1.32,0.301,0.75,0.408,0.125,4.28,4.62,4.66,7.6
2016,team_pitch,Reds,68,94,28,646,162,1442,7.75,3.97,1.61,0.29,0.728,0.416,0.159,4.91,5.24,4.79,0.9
2017,team_pitch,Indians,102,60,37,659,162,1440.2,10.08,2.54,1.02,0.303,0.775,0.441,0.13,3.3,3.33,3.41,30.8
2017,team_pitch,Yankees,91,71,36,639,162,1448.2,9.69,3.13,1.19,0.28,0.745,0.462,0.142,3.75,3.88,3.82,24.3
2017,team_pitch,Red Sox,93,69,39,677,162,1482.1,9.59,2.82,1.18,0.303,0.757,0.41,0.127,3.73,3.78,3.91,22.4
2017,team_pitch,Diamondbacks,93,69,43,675,162,1441,9.26,3.22,1.07,0.294,0.742,0.481,0.131,3.67,3.8,3.86,22.3
2017,team_pitch,Nationals,97,65,46,649,162,1446.2,9.06,3.08,1.18,0.287,0.744,0.44,0.128,3.88,3.99,4.12,22.2
2017,team_pitch,Dodgers,104,58,51,698,162,1444.2,9.65,2.75,1.15,0.281,0.778,0.427,0.134,3.38,3.67,3.7,21.2
2017,team_pitch,Rockies,87,75,47,711,162,1437.2,7.95,3.33,1.19,0.305,0.722,0.485,0.142,4.51,4.32,4.26,20.8
2017,team_pitch,Astros,101,61,45,681,162,1446,9.91,3.25,1.2,0.3,0.737,0.473,0.149,4.12,3.91,3.77,19.2
2017,team_pitch,Brewers,86,76,54,712,162,1445.2,8.38,3.44,1.15,0.298,0.748,0.457,0.135,4,4.24,4.26,17.2
2017,team_pitch,Cubs,92,70,38,693,162,1447.1,8.95,3.44,1.21,0.285,0.742,0.462,0.145,3.95,4.2,4.1,16.8
2017,team_pitch,Cardinals,83,79,43,708,162,1450.1,8.38,3.06,1.14,0.298,0.736,0.463,0.135,4.01,4.09,4.12,15.8
2017,team_pitch,Blue Jays,76,86,45,740,162,1465,8.43,3.37,1.25,0.303,0.718,0.454,0.133,4.42,4.31,4.36,15.5
2017,team_pitch,Pirates,75,87,36,664,162,1440.2,7.88,3.19,1.14,0.306,0.732,0.452,0.129,4.23,4.23,4.33,15.5
2017,team_pitch,Rays,80,82,53,673,162,1445,8.42,3.13,1.2,0.283,0.73,0.43,0.128,3.99,4.17,4.29,15.3
2017,team_pitch,Royals,80,82,39,700,162,1437.2,7.61,3.25,1.23,0.303,0.709,0.437,0.12,4.63,4.43,4.68,14.5
2017,team_pitch,Phillies,66,96,33,668,162,1441,8.18,3.29,1.38,0.304,0.73,0.429,0.141,4.57,4.56,4.5,14.3
2017,team_pitch,Tigers,64,98,32,672,162,1420.1,7.62,3.41,1.38,0.32,0.687,0.394,0.128,5.36,4.73,4.87,12.6
2017,team_pitch,Rangers,78,84,29,626,162,1434.1,6.95,3.51,1.34,0.289,0.709,0.442,0.136,4.7,4.88,4.89,12.2
2017,team_pitch,Giants,64,98,32,664,162,1452,7.65,3.07,1.13,0.308,0.711,0.425,0.115,4.5,4.22,4.53,11.3
2017,team_pitch,Mariners,78,84,39,689,162,1440.1,7.77,3.06,1.48,0.283,0.727,0.403,0.141,4.46,4.7,4.64,10.6
2017,team_pitch,Twins,85,77,42,682,162,1436,7.31,3.03,1.4,0.296,0.725,0.424,0.135,4.6,4.71,4.75,10.4
2017,team_pitch,Angels,80,82,43,705,162,1440.2,8.2,2.94,1.4,0.289,0.749,0.416,0.141,4.2,4.43,4.37,10.1
2017,team_pitch,Athletics,75,87,35,687,162,1431,7.56,3.16,1.32,0.294,0.689,0.449,0.139,4.67,4.57,4.54,9.4
2017,team_pitch,Mets,70,92,34,730,162,1434.2,8.62,3.72,1.38,0.319,0.705,0.444,0.149,5.01,4.59,4.42,8.4
2017,team_pitch,Padres,71,91,45,679,162,1430.2,8.34,3.49,1.42,0.299,0.711,0.475,0.164,4.7,4.68,4.34,6.9
2017,team_pitch,Braves,72,90,36,692,162,1441.1,7.86,3.65,1.2,0.302,0.701,0.445,0.125,4.72,4.51,4.67,6.9
2017,team_pitch,Orioles,75,87,35,654,162,1441,7.7,3.62,1.51,0.302,0.722,0.446,0.154,4.97,4.96,4.72,6.5
2017,team_pitch,Marlins,77,85,34,742,162,1442.2,7.5,3.91,1.2,0.298,0.707,0.425,0.122,4.82,4.69,4.9,6.2
2017,team_pitch,Reds,68,94,33,666,162,1430,8.18,3.97,1.56,0.296,0.711,0.446,0.168,5.17,5.08,4.66,6.1
2017,team_pitch,White Sox,67,95,25,682,162,1421.2,7.55,4,1.53,0.281,0.724,0.419,0.147,4.78,5.17,5.01,4.4
2018,team_pitch,Astros,103,59,46,672,162,1455,10.44,2.69,0.94,0.283,0.779,0.44,0.116,3.11,3.23,3.36,29.4
2018,team_pitch,Yankees,100,62,49,670,162,1456.1,10.1,3.05,1.09,0.3,0.739,0.429,0.129,3.78,3.63,3.61,25.5
2018,team_pitch,Indians,91,71,41,670,162,1457.1,9.54,2.51,1.24,0.298,0.76,0.425,0.137,3.77,3.79,3.66,22.2
2018,team_pitch,Phillies,80,82,44,758,162,1445.2,9.12,3.11,1.06,0.303,0.71,0.454,0.124,4.15,3.83,3.87,19
2018,team_pitch,Dodgers,92,71,48,756,163,1476,9.54,2.57,1.09,0.284,0.762,0.449,0.134,3.4,3.6,3.52,18.2
2018,team_pitch,Red Sox,108,54,46,697,162,1458.2,9.61,3.16,1.09,0.294,0.758,0.424,0.119,3.75,3.82,3.92,18.1
2018,team_pitch,Rockies,91,72,51,681,163,1452.1,8.73,3.25,1.14,0.299,0.713,0.452,0.135,4.33,4.06,3.96,17.9
2018,team_pitch,Mets,77,85,41,663,162,1460.2,8.91,2.98,1.14,0.295,0.73,0.421,0.122,4.07,3.97,4.03,17.9
2018,team_pitch,Rays,90,72,52,715,162,1448.1,8.83,3.11,1.02,0.278,0.733,0.439,0.115,3.75,3.82,3.98,17.8
2018,team_pitch,Mariners,89,73,60,699,162,1448.2,8.25,2.49,1.21,0.295,0.725,0.425,0.127,4.13,4.05,4.06,16.2
2018,team_pitch,Brewers,96,67,49,722,163,1461,8.8,3.41,1.07,0.279,0.744,0.432,0.125,3.73,4.01,4.04,15.5
2018,team_pitch,Nationals,82,80,40,724,162,1446,8.82,3.03,1.23,0.287,0.748,0.412,0.128,4.04,4.15,4.13,15.4
2018,team_pitch,Cardinals,88,74,43,727,162,1455.1,8.27,3.67,0.89,0.293,0.73,0.446,0.105,3.85,3.97,4.24,15.1
2018,team_pitch,Braves,90,72,40,715,162,1456.2,8.79,3.92,0.95,0.278,0.741,0.433,0.112,3.75,3.99,4.17,14.8
2018,team_pitch,Cubs,95,68,46,763,163,1476.1,8.13,3.79,0.96,0.284,0.762,0.45,0.115,3.65,4.14,4.29,14.7
2018,team_pitch,Pirates,82,79,40,641,161,1434,8.38,3.12,1.09,0.296,0.736,0.434,0.121,4,4.06,4.14,14.7
2018,team_pitch,Athletics,97,65,44,740,162,1465.2,7.6,2.91,1.13,0.27,0.735,0.436,0.122,3.82,4.18,4.25,14.2
2018,team_pitch,Diamondbacks,82,80,39,735,162,1463,8.91,3.21,1.07,0.289,0.757,0.473,0.137,3.73,3.91,3.81,13.5
2018,team_pitch,Giants,73,89,36,711,162,1461.1,7.82,3.23,0.96,0.293,0.723,0.445,0.11,3.95,3.98,4.2,12.9
2018,team_pitch,Twins,78,84,37,728,162,1443.1,8.59,3.57,1.23,0.302,0.724,0.416,0.132,4.5,4.39,4.33,12.8
2018,team_pitch,Padres,66,96,36,697,162,1457,8.64,3.21,1.14,0.305,0.711,0.444,0.136,4.41,4.1,3.99,12.4
2018,team_pitch,Rangers,67,95,42,668,162,1431,7.05,3.09,1.4,0.299,0.696,0.43,0.141,4.92,4.79,4.59,11
2018,team_pitch,Angels,80,82,35,763,162,1437.1,8.68,3.42,1.28,0.294,0.741,0.421,0.141,4.15,4.36,4.18,10.8
2018,team_pitch,Tigers,64,98,37,704,162,1425.1,7.67,3.1,1.36,0.291,0.705,0.396,0.129,4.6,4.59,4.55,9.4
2018,team_pitch,White Sox,62,100,34,715,162,1437,7.89,4.09,1.23,0.292,0.694,0.408,0.117,4.85,4.73,4.88,8.9
2018,team_pitch,Reds,67,95,38,706,162,1441,7.86,3.32,1.42,0.3,0.715,0.444,0.158,4.65,4.68,4.28,8.3
2018,team_pitch,Blue Jays,73,89,39,752,162,1433.2,8.15,3.46,1.31,0.306,0.7,0.425,0.127,4.85,4.53,4.54,7.8
2018,team_pitch,Orioles,47,115,28,652,162,1431,7.57,3.7,1.47,0.31,0.7,0.419,0.144,5.19,4.98,4.73,6.4
2018,team_pitch,Royals,58,104,33,645,162,1432,7.27,3.45,1.29,0.309,0.706,0.431,0.13,4.95,4.66,4.63,6.2
2018,team_pitch,Marlins,63,98,30,707,161,1442,7.8,3.78,1.2,0.29,0.699,0.409,0.121,4.76,4.57,4.65,3
2019,team_pitch,Rays,56,45,23,448,101,917.1,9.61,2.86,1.02,0.282,0.751,0.454,0.129,3.46,3.61,3.87,15.9
2019,team_pitch,Nationals,52,45,25,413,97,857.2,9.62,3.15,1.14,0.307,0.717,0.425,0.125,4.3,3.96,4.3,14.7
2019,team_pitch,Dodgers,66,35,28,413,101,899.2,9.19,2.29,1.21,0.266,0.737,0.46,0.146,3.4,3.82,3.88,14.2
2019,team_pitch,Twins,59,38,28,400,97,878,8.65,2.79,1.23,0.292,0.731,0.418,0.136,3.94,4.16,4.37,13.8
2019,team_pitch,Yankees,64,33,33,409,97,866.2,9.41,2.97,1.46,0.292,0.768,0.439,0.162,3.98,4.33,4.19,13.3
2019,team_pitch,Indians,56,41,28,412,97,856.1,9.7,2.83,1.35,0.288,0.755,0.403,0.144,3.86,4.1,4.21,13.1
2019,team_pitch,Astros,63,37,25,392,100,899.1,10.12,2.84,1.51,0.267,0.76,0.433,0.174,3.86,4.2,3.91,12.5
2019,team_pitch,Athletics,57,42,24,435,100,903.2,7.62,3.1,1.14,0.275,0.742,0.411,0.112,3.95,4.34,4.92,12
2019,team_pitch,Reds,44,52,24,422,96,851.1,9.74,3.31,1.26,0.293,0.756,0.45,0.16,3.91,4.1,4,11.9
2019,team_pitch,Red Sox,54,45,20,451,99,899.1,10.03,3.37,1.32,0.312,0.7,0.422,0.142,4.67,4.2,4.33,11.2
2019,team_pitch,Diamondbacks,50,49,22,412,99,895,8.68,3.15,1.24,0.293,0.728,0.431,0.141,4.26,4.25,4.38,10.1
2019,team_pitch,Brewers,52,48,27,434,100,904,9.17,3.48,1.33,0.304,0.715,0.42,0.151,4.6,4.39,4.39,9.4
2019,team_pitch,Mets,45,53,23,392,98,879.1,9.23,3.32,1.36,0.308,0.711,0.424,0.143,4.71,4.39,4.51,9.4
2019,team_pitch,Rangers,50,48,21,394,98,875,8.57,3.54,1.51,0.314,0.712,0.411,0.154,5.08,4.84,4.8,9.2
2019,team_pitch,Cubs,54,44,24,421,98,874.2,8.6,3.33,1.27,0.292,0.745,0.467,0.158,4.05,4.39,4.32,9.1
2019,team_pitch,Rockies,46,52,18,442,98,883,8.09,3.39,1.5,0.317,0.674,0.467,0.174,5.53,4.83,4.55,7.4
2019,team_pitch,Padres,46,52,36,419,98,871,8.91,2.65,1.43,0.296,0.698,0.439,0.155,4.63,4.33,4.28,7.1
2019,team_pitch,Cardinals,50,47,29,416,97,859.2,8.72,3.38,1.36,0.285,0.748,0.457,0.17,4.11,4.51,4.3,7
2019,team_pitch,Tigers,29,65,22,436,95,838.1,8.12,3.25,1.56,0.31,0.678,0.435,0.158,5.25,4.88,4.79,6.8
2019,team_pitch,Marlins,36,60,20,400,96,856.1,8.71,3.72,1.24,0.289,0.733,0.398,0.126,4.32,4.48,4.83,6.6
2019,team_pitch,Pirates,46,51,23,408,97,862,8.98,3.73,1.41,0.311,0.706,0.415,0.146,4.96,4.66,4.74,6.4
2019,team_pitch,White Sox,44,51,23,413,95,822.1,8.11,3.81,1.49,0.308,0.704,0.414,0.149,5.1,4.96,5,6.1
2019,team_pitch,Braves,59,41,29,455,100,896.2,8.56,3.72,1.25,0.3,0.726,0.45,0.146,4.31,4.54,4.61,5.9
2019,team_pitch,Royals,37,63,22,399,100,877.2,7.92,3.67,1.3,0.311,0.711,0.443,0.144,5,4.76,4.86,5.4
2019,team_pitch,Giants,49,50,26,429,99,894,8.66,3.07,1.38,0.296,0.719,0.422,0.153,4.44,4.47,4.46,5.2
2019,team_pitch,Blue Jays,38,62,18,433,100,882,8.3,3.79,1.45,0.306,0.717,0.443,0.156,4.89,4.86,4.8,5.1
2019,team_pitch,Angels,51,49,23,439,100,883.1,9.01,3.62,1.62,0.287,0.726,0.39,0.162,4.92,4.92,4.78,5
2019,team_pitch,Phillies,51,48,25,426,99,880,8.44,3.41,1.73,0.3,0.754,0.427,0.185,4.75,5.13,4.68,2.9
2019,team_pitch,Mariners,40,61,20,425,101,894.2,7.76,3.34,1.72,0.296,0.663,0.424,0.168,5.32,5.21,4.96,2.4
2019,team_pitch,Orioles,30,67,18,396,97,856,7.77,3.6,1.99,0.291,0.675,0.405,0.178,5.78,5.73,5.3,1.7
