Season,data_type,Team,G,PA,HR,R,RBI,SB,BB%,K%,ISO,BABIP,AVG,OBP,SLG,wOBA,wRC+,BsR,Off,Def,WAR
2009,team_batter,Rays,2345,6223,199,803,765,194,0.103,0.197,0.177,0.303,0.263,0.343,0.439,0.342,109,21.6,90.5,40.2,35
2009,team_batter,Yankees,2369,6449,244,915,881,111,0.103,0.157,0.194,0.306,0.283,0.362,0.478,0.365,117,0.2,137.5,-21.4,34.4
2009,team_batter,Phillies,2285,6338,224,820,788,119,0.093,0.182,0.189,0.286,0.258,0.334,0.447,0.339,103,20,42.5,80.3,32
2009,team_batter,Angels,2246,6305,173,883,841,148,0.087,0.167,0.156,0.322,0.285,0.35,0.441,0.346,108,8.6,75.5,-4.1,29.4
2009,team_batter,Dodgers,2352,6385,145,780,739,116,0.095,0.167,0.141,0.309,0.27,0.346,0.412,0.332,102,4,18.7,56.2,27.4
2009,team_batter,Brewers,2321,6296,182,785,757,68,0.097,0.196,0.164,0.305,0.263,0.341,0.426,0.336,103,-9.6,10.2,43.2,25
2009,team_batter,Red Sox,2317,6344,212,872,822,126,0.104,0.177,0.184,0.301,0.27,0.352,0.454,0.351,106,-7.7,40.7,-21.2,24.3
2009,team_batter,Cardinals,2358,6168,160,730,694,75,0.086,0.169,0.152,0.296,0.263,0.332,0.415,0.325,98,13.4,-1.6,52.1,24.3
2009,team_batter,Braves,2335,6335,149,735,700,58,0.095,0.168,0.142,0.3,0.263,0.339,0.405,0.327,97,-20.2,-44.2,76.4,23
2009,team_batter,Twins,2315,6346,172,817,770,85,0.092,0.161,0.155,0.306,0.274,0.345,0.429,0.338,104,15.3,42.9,-44.4,22.2
2009,team_batter,Reds,2314,6187,158,673,637,96,0.086,0.182,0.147,0.282,0.247,0.318,0.394,0.313,84,5.2,-118.5,123.3,19.8
2009,team_batter,Blue Jays,2202,6362,209,798,766,73,0.086,0.162,0.174,0.29,0.266,0.333,0.44,0.337,101,12.2,21.5,-58.3,18.8
2009,team_batter,Rockies,2352,6241,190,804,760,106,0.106,0.205,0.18,0.305,0.261,0.343,0.441,0.341,96,5.3,-29.7,21.6,18.7
2009,team_batter,Marlins,2394,6312,159,772,727,75,0.09,0.194,0.148,0.316,0.268,0.34,0.416,0.332,97,4.5,-16.7,5.6,18.6
2009,team_batter,Rangers,2158,6127,224,784,748,149,0.077,0.205,0.185,0.296,0.26,0.32,0.445,0.331,92,9.1,-49.8,17.5,18.4
2009,team_batter,Diamondbacks,2301,6269,173,720,686,102,0.091,0.207,0.165,0.299,0.253,0.324,0.418,0.324,89,13.1,-75.3,54.8,17.5
2009,team_batter,Giants,2304,6057,122,657,612,78,0.065,0.191,0.132,0.302,0.257,0.309,0.389,0.305,83,10,-118.1,99.6,17
2009,team_batter,Mariners,2150,6113,160,640,613,89,0.069,0.179,0.144,0.293,0.258,0.314,0.402,0.313,89,-4.5,-87,34.6,16.3
2009,team_batter,Tigers,2350,6234,183,743,718,72,0.087,0.179,0.156,0.294,0.26,0.331,0.416,0.328,94,0.4,-48.5,-21,15
2009,team_batter,Nationals,2401,6273,156,710,685,73,0.098,0.193,0.148,0.302,0.258,0.337,0.406,0.327,96,-5.7,-37.9,-8.1,15
2009,team_batter,Athletics,2306,6247,135,759,723,133,0.084,0.167,0.135,0.298,0.262,0.328,0.397,0.32,94,12.8,-38,-34,14.8
2009,team_batter,Padres,2348,6179,141,638,605,82,0.095,0.191,0.138,0.284,0.242,0.321,0.381,0.309,93,-10.4,-67.1,19.8,14.5
2009,team_batter,Indians,2188,6320,161,773,730,84,0.092,0.192,0.153,0.308,0.264,0.339,0.417,0.333,100,-1.1,-0.7,-77,14.5
2009,team_batter,Cubs,2343,6244,161,707,678,56,0.095,0.19,0.152,0.296,0.255,0.332,0.407,0.324,90,-13.2,-89.3,39.5,14.5
2009,team_batter,Mets,2377,6159,95,671,631,122,0.085,0.151,0.124,0.307,0.27,0.335,0.394,0.32,94,-5.4,-48.2,-14.3,13
2009,team_batter,Orioles,2281,6233,160,741,708,76,0.083,0.163,0.147,0.3,0.268,0.332,0.415,0.328,93,-20.1,-74.3,-23.2,12.2
2009,team_batter,Astros,2340,6040,142,643,616,113,0.074,0.164,0.14,0.293,0.26,0.319,0.4,0.315,89,-18,-99,32.3,12.2
2009,team_batter,Pirates,2195,6058,125,636,612,90,0.082,0.189,0.135,0.296,0.252,0.318,0.387,0.31,86,-6.2,-113,32.9,10.9
2009,team_batter,White Sox,2241,6132,184,724,695,113,0.087,0.167,0.153,0.285,0.258,0.329,0.411,0.326,91,-13,-84,-45.8,8.6
2009,team_batter,Royals,2247,6103,144,686,657,88,0.075,0.179,0.146,0.298,0.259,0.318,0.405,0.318,88,-18.9,-110.3,-78.8,2.6
2010,team_batter,Reds,2370,6285,188,790,761,93,0.083,0.194,0.164,0.314,0.272,0.338,0.436,0.34,106,12.7,57.2,101.3,35.8
2010,team_batter,Yankees,2313,6379,201,859,823,103,0.104,0.178,0.169,0.3,0.267,0.35,0.436,0.346,112,12.1,101.5,-27.3,31.4
2010,team_batter,Rays,2361,6270,160,802,769,172,0.107,0.206,0.156,0.293,0.247,0.333,0.403,0.326,106,37.6,78.6,-4,31
2010,team_batter,Brewers,2262,6304,182,750,710,81,0.087,0.193,0.161,0.304,0.262,0.335,0.424,0.334,104,0.6,32.4,74.7,30.5
2010,team_batter,Twins,2290,6257,142,781,749,68,0.089,0.155,0.148,0.306,0.273,0.341,0.422,0.335,106,-15.8,29.5,15.3,27.9
2010,team_batter,Giants,2354,6143,162,697,660,55,0.079,0.179,0.151,0.293,0.257,0.321,0.408,0.32,98,-18.3,-31.6,95.2,25.5
2010,team_batter,Cardinals,2347,6241,150,736,689,79,0.087,0.165,0.139,0.296,0.263,0.332,0.402,0.322,99,1.8,-6.8,60.6,24.8
2010,team_batter,Red Sox,2327,6356,211,818,782,68,0.092,0.179,0.183,0.299,0.268,0.339,0.451,0.345,109,-7.2,59.7,-49.5,24.6
2010,team_batter,Tigers,2274,6312,152,751,717,69,0.087,0.182,0.147,0.311,0.268,0.335,0.415,0.33,102,9.7,23.9,-15.7,24.3
2010,team_batter,Braves,2376,6252,139,738,699,63,0.101,0.182,0.143,0.301,0.258,0.339,0.401,0.327,100,-2.1,-2.9,46.6,23.8
2010,team_batter,Padres,2352,6148,132,665,630,124,0.088,0.192,0.125,0.29,0.246,0.317,0.371,0.304,92,9.3,-50.2,89.1,23
2010,team_batter,Blue Jays,2206,6072,257,755,732,58,0.078,0.192,0.206,0.269,0.248,0.312,0.454,0.334,105,-12.3,25.1,-21.3,22.9
2010,team_batter,Phillies,2277,6291,166,772,736,108,0.089,0.169,0.153,0.292,0.26,0.332,0.413,0.327,99,13.3,5.5,26.5,22.7
2010,team_batter,Diamondbacks,2271,6183,180,713,691,86,0.095,0.247,0.166,0.312,0.25,0.325,0.416,0.325,93,-8.3,-62.8,92.6,22.1
2010,team_batter,Rangers,2312,6302,162,787,740,123,0.081,0.156,0.143,0.307,0.276,0.338,0.419,0.333,98,4.5,-7.1,-9.5,21.7
2010,team_batter,Athletics,2255,6117,109,663,619,156,0.086,0.173,0.122,0.297,0.256,0.324,0.378,0.313,95,17.8,-20.6,0.6,20.6
2010,team_batter,Nationals,2410,6100,149,655,634,110,0.082,0.2,0.14,0.294,0.25,0.318,0.39,0.313,90,-11.3,-84.4,67.3,17
2010,team_batter,Marlins,2300,6194,152,719,686,92,0.083,0.222,0.149,0.309,0.254,0.321,0.403,0.318,92,22.5,-36.2,2.1,15.6
2010,team_batter,White Sox,2212,6118,177,752,710,160,0.076,0.151,0.152,0.292,0.268,0.332,0.42,0.332,100,-8.1,-7.7,-66.2,15
2010,team_batter,Mets,2348,6144,128,656,625,130,0.082,0.178,0.134,0.287,0.249,0.314,0.383,0.307,89,10.6,-70.9,31.1,14.8
2010,team_batter,Angels,2236,6089,155,681,656,104,0.077,0.176,0.142,0.281,0.248,0.311,0.39,0.31,94,-8.8,-54.2,-21.9,14.7
2010,team_batter,Cubs,2307,6140,149,685,658,55,0.078,0.201,0.145,0.304,0.257,0.32,0.401,0.318,90,-10.3,-81.7,33.1,13.9
2010,team_batter,Dodgers,2310,6140,120,667,621,92,0.087,0.193,0.127,0.299,0.252,0.322,0.379,0.309,92,1.3,-60.6,7,13.4
2010,team_batter,Rockies,2379,6265,173,770,741,99,0.093,0.203,0.162,0.31,0.263,0.336,0.425,0.333,91,9.3,-62.1,4.6,13.4
2010,team_batter,Indians,2255,6165,128,646,601,91,0.088,0.192,0.13,0.293,0.248,0.322,0.378,0.311,94,1.3,-40.7,-80,10.3
2010,team_batter,Royals,2190,6209,121,676,640,115,0.076,0.146,0.126,0.305,0.274,0.331,0.399,0.323,98,-28.4,-42.1,-81,10.3
2010,team_batter,Orioles,2240,6109,133,613,577,76,0.069,0.173,0.127,0.296,0.259,0.316,0.386,0.31,87,-21,-111.8,-11.8,9.8
2010,team_batter,Astros,2358,6005,108,611,577,100,0.069,0.171,0.115,0.285,0.247,0.303,0.362,0.295,79,-6.4,-156.6,30.7,5.5
2010,team_batter,Mariners,2104,5989,101,513,485,142,0.077,0.198,0.104,0.282,0.236,0.298,0.339,0.285,79,-1,-148.8,-45.4,2.1
2010,team_batter,Pirates,2327,5974,126,587,570,87,0.078,0.202,0.131,0.288,0.242,0.304,0.373,0.3,84,-5.8,-119,-42.2,1.7
2011,team_batter,Yankees,2301,6306,222,867,836,147,0.099,0.18,0.181,0.292,0.263,0.343,0.444,0.345,113,6.6,101.6,38.5,37
2011,team_batter,Red Sox,2269,6414,203,875,842,102,0.09,0.173,0.181,0.314,0.28,0.349,0.461,0.352,117,-12.2,114.3,16.2,36.4
2011,team_batter,Rangers,2186,6261,210,855,807,143,0.076,0.149,0.177,0.304,0.283,0.34,0.46,0.347,112,20.6,107.4,3.5,33.8
2011,team_batter,Brewers,2292,6113,185,721,693,94,0.079,0.177,0.164,0.293,0.261,0.325,0.425,0.327,103,0.3,20.6,84,30.6
2011,team_batter,Diamondbacks,2230,6096,172,731,702,133,0.087,0.205,0.163,0.294,0.25,0.322,0.413,0.322,97,9,-14.8,119.1,30.5
2011,team_batter,Reds,2358,6329,183,735,697,97,0.085,0.198,0.152,0.297,0.256,0.326,0.408,0.322,99,8.7,3.6,86,29.7
2011,team_batter,Cardinals,2403,6242,162,762,726,57,0.087,0.157,0.151,0.305,0.273,0.341,0.425,0.334,112,-16.5,72.3,16.4,29.3
2011,team_batter,Rays,2284,6152,172,707,674,155,0.093,0.194,0.159,0.281,0.244,0.322,0.402,0.319,103,10.4,35.1,21.3,27.7
2011,team_batter,Angels,2187,6088,155,667,629,135,0.073,0.178,0.149,0.288,0.253,0.313,0.402,0.313,98,-3.8,-14.6,37.3,23.9
2011,team_batter,Tigers,2309,6231,169,787,750,49,0.084,0.183,0.157,0.318,0.277,0.34,0.434,0.337,109,-15.2,48.5,-34.8,23.4
2011,team_batter,Royals,2134,6267,129,730,705,153,0.071,0.161,0.14,0.311,0.275,0.329,0.415,0.325,101,0.7,4.5,-29.5,19.4
2011,team_batter,Braves,2322,6169,173,641,606,77,0.082,0.204,0.144,0.284,0.243,0.308,0.387,0.306,91,-4.8,-70.5,63.8,19
2011,team_batter,Phillies,2203,6279,153,713,693,96,0.086,0.163,0.142,0.283,0.253,0.323,0.395,0.315,96,3.5,-29.5,19.3,19
2011,team_batter,Dodgers,2304,6094,117,644,613,126,0.082,0.178,0.118,0.299,0.257,0.322,0.375,0.307,95,10.2,-24.6,19.2,18.9
2011,team_batter,Giants,2370,6091,121,570,534,85,0.074,0.184,0.126,0.281,0.242,0.303,0.368,0.295,88,-6.5,-87.9,76.4,18.3
2011,team_batter,Mets,2383,6335,108,718,676,130,0.09,0.171,0.127,0.307,0.264,0.335,0.391,0.319,102,11.1,25,-50.8,17.5
2011,team_batter,Nationals,2341,6090,154,624,594,106,0.077,0.217,0.14,0.292,0.242,0.309,0.383,0.305,89,3.7,-73.4,52,17.2
2011,team_batter,Blue Jays,2265,6210,186,743,704,131,0.085,0.191,0.164,0.283,0.249,0.317,0.413,0.319,97,12.1,-11.6,-48,15.6
2011,team_batter,Padres,2355,6074,91,593,563,170,0.082,0.217,0.112,0.294,0.237,0.305,0.349,0.29,86,18.2,-77.3,32.5,14.7
2011,team_batter,Cubs,2373,6130,148,654,610,69,0.069,0.196,0.144,0.301,0.256,0.314,0.401,0.314,91,-17.7,-80.2,29.1,14.2
2011,team_batter,Marlins,2348,6232,149,625,596,95,0.087,0.2,0.142,0.291,0.247,0.318,0.388,0.311,92,2.1,-56.1,-3.3,13.7
2011,team_batter,Astros,2377,6150,95,615,579,118,0.065,0.189,0.116,0.308,0.258,0.311,0.374,0.301,88,-0.6,-89.1,24.9,12.9
2011,team_batter,Orioles,2262,6156,191,708,684,81,0.073,0.182,0.156,0.288,0.257,0.316,0.413,0.32,96,-11.3,-39.1,-51.2,12.1
2011,team_batter,White Sox,2206,6159,154,654,625,81,0.077,0.161,0.136,0.28,0.252,0.319,0.388,0.312,90,-9.9,-80,-15.1,11.6
2011,team_batter,Rockies,2348,6275,163,735,697,118,0.088,0.191,0.152,0.3,0.258,0.329,0.41,0.324,88,-1.8,-92.5,11.5,11.5
2011,team_batter,Indians,2287,6142,154,704,671,89,0.08,0.207,0.146,0.297,0.25,0.317,0.396,0.314,99,0.4,-8.5,-108.8,9.2
2011,team_batter,Athletics,2229,6104,114,645,612,117,0.083,0.179,0.125,0.283,0.244,0.311,0.369,0.301,89,-6.5,-82.2,-50,7.5
2011,team_batter,Pirates,2444,6064,107,610,580,108,0.081,0.216,0.123,0.301,0.244,0.309,0.368,0.299,87,-15.2,-103.1,-17.6,6.6
2011,team_batter,Twins,2269,6020,103,619,572,92,0.073,0.174,0.113,0.288,0.247,0.306,0.36,0.296,82,-6.5,-133.4,-25.6,4.4
2011,team_batter,Mariners,2090,5972,109,556,534,125,0.073,0.214,0.115,0.283,0.233,0.292,0.348,0.283,80,11.9,-124.4,-37.6,3.9
2012,team_batter,Yankees,2367,6231,245,804,774,93,0.091,0.189,0.188,0.293,0.265,0.337,0.453,0.342,113,2.3,97.3,17.3,34.2
2012,team_batter,Angels,2267,6121,187,767,732,134,0.073,0.182,0.159,0.311,0.274,0.332,0.433,0.331,113,13.5,109.8,5.9,34
2012,team_batter,Giants,2384,6200,103,718,675,118,0.078,0.177,0.128,0.315,0.269,0.327,0.397,0.314,101,13,22.4,69.3,29.2
2012,team_batter,Cardinals,2391,6326,159,765,732,91,0.084,0.188,0.15,0.316,0.271,0.338,0.421,0.329,106,-1.6,46.5,33.9,28.4
2012,team_batter,Brewers,2415,6224,202,776,741,158,0.075,0.199,0.177,0.299,0.259,0.325,0.437,0.329,102,12.1,29.5,53.9,28.4
2012,team_batter,Braves,2264,6126,149,700,660,101,0.093,0.21,0.142,0.296,0.247,0.32,0.389,0.31,92,7.2,-48.9,124.1,27.2
2012,team_batter,Reds,2211,6115,172,669,636,87,0.079,0.207,0.159,0.296,0.251,0.315,0.411,0.314,93,13.5,-36,82.7,24.2
2012,team_batter,Rays,2406,6105,175,697,665,134,0.094,0.217,0.155,0.284,0.24,0.317,0.394,0.311,100,-0.7,-1,21.4,23.9
2012,team_batter,Nationals,2338,6221,194,731,688,105,0.077,0.213,0.166,0.308,0.261,0.322,0.428,0.324,101,-4.1,4.7,34.8,23.8
2012,team_batter,Rangers,2236,6216,200,808,780,91,0.077,0.177,0.173,0.306,0.273,0.334,0.446,0.336,106,-5.8,39.5,-28.5,23.3
2012,team_batter,Padres,2384,6112,121,651,610,155,0.088,0.203,0.133,0.297,0.247,0.319,0.38,0.307,97,13.8,-8.4,35.4,22.1
2012,team_batter,Diamondbacks,2213,6150,165,734,710,93,0.088,0.206,0.159,0.307,0.259,0.328,0.418,0.323,97,-5.6,-30.7,54.7,21.9
2012,team_batter,Phillies,2294,6172,158,684,659,116,0.074,0.177,0.144,0.29,0.255,0.317,0.4,0.311,93,10.7,-40.8,60.4,21.5
2012,team_batter,Tigers,2248,6119,163,726,698,59,0.084,0.18,0.154,0.307,0.268,0.335,0.422,0.328,105,-17.8,15.4,-28.4,20.5
2012,team_batter,Red Sox,2317,6166,165,734,695,97,0.069,0.194,0.155,0.301,0.26,0.315,0.415,0.316,95,2.6,-37.1,20.7,20.3
2012,team_batter,White Sox,2277,6111,211,748,726,109,0.075,0.197,0.167,0.289,0.255,0.318,0.422,0.322,98,-7,-18.2,3.2,20.2
2012,team_batter,Athletics,2247,6183,195,713,676,122,0.089,0.224,0.166,0.281,0.238,0.31,0.404,0.311,97,19.4,0.3,-23.4,19.6
2012,team_batter,Mets,2420,6091,139,650,625,79,0.083,0.205,0.137,0.298,0.249,0.316,0.386,0.306,94,-3.2,-48.8,20.7,16.3
2012,team_batter,Orioles,2282,6160,214,712,677,58,0.078,0.213,0.17,0.286,0.247,0.311,0.417,0.317,96,-17.1,-44,-28.4,14.4
2012,team_batter,Blue Jays,2289,6094,198,716,677,123,0.078,0.205,0.161,0.281,0.245,0.309,0.407,0.311,92,2.5,-55.8,-21.5,13.6
2012,team_batter,Dodgers,2356,6091,116,637,607,104,0.079,0.19,0.122,0.298,0.252,0.317,0.374,0.302,90,-8.6,-81.9,21,12.8
2012,team_batter,Royals,2249,6149,131,676,643,132,0.066,0.168,0.135,0.302,0.265,0.317,0.4,0.311,94,-7.4,-50.8,-37.7,12.7
2012,team_batter,Twins,2271,6209,131,701,666,135,0.081,0.172,0.13,0.298,0.26,0.325,0.39,0.313,95,0.7,-32.5,-62.5,12.2
2012,team_batter,Cubs,2341,5967,137,613,570,94,0.075,0.207,0.138,0.286,0.24,0.302,0.378,0.297,81,-6,-138.9,68,11.4
2012,team_batter,Marlins,2269,6057,137,609,576,149,0.08,0.203,0.138,0.289,0.244,0.308,0.382,0.3,87,2.5,-92.9,10.9,10.5
2012,team_batter,Pirates,2360,6014,170,651,620,73,0.074,0.225,0.152,0.291,0.243,0.304,0.395,0.304,91,-0.3,-67.8,-16,10.2
2012,team_batter,Rockies,2429,6183,166,758,716,100,0.073,0.196,0.163,0.321,0.274,0.33,0.436,0.331,90,2.8,-73.8,-19.3,9.8
2012,team_batter,Mariners,2236,6057,149,619,584,104,0.077,0.208,0.135,0.276,0.234,0.296,0.369,0.291,87,0.1,-89.6,-29.8,9.1
2012,team_batter,Indians,2339,6195,136,667,635,110,0.09,0.175,0.131,0.288,0.251,0.324,0.381,0.31,97,-13.6,-37.7,-92.8,8.4
2012,team_batter,Astros,2421,6014,146,583,545,105,0.077,0.227,0.135,0.288,0.236,0.302,0.371,0.296,82,-16.9,-144.4,18.6,5.8
2013,team_batter,Red Sox,2264,6382,178,853,819,123,0.091,0.205,0.169,0.329,0.277,0.349,0.446,0.347,114,13.3,116.7,14.9,36.6
2013,team_batter,Rays,2423,6242,165,700,670,73,0.094,0.188,0.151,0.295,0.257,0.329,0.408,0.324,107,2.5,50.1,10.5,28.4
2013,team_batter,Tigers,2274,6388,176,796,767,35,0.083,0.168,0.151,0.32,0.283,0.346,0.434,0.341,114,-19,83.7,-33.5,27.8
2013,team_batter,Giants,2396,6168,107,629,596,67,0.076,0.175,0.121,0.304,0.26,0.32,0.381,0.309,100,-4.1,-1.7,68.5,27.1
2013,team_batter,Braves,2293,6133,181,688,656,64,0.088,0.226,0.153,0.3,0.249,0.321,0.402,0.318,102,-5.7,3.8,54.6,26.1
2013,team_batter,Cardinals,2341,6202,125,783,745,45,0.078,0.179,0.133,0.314,0.269,0.332,0.401,0.322,104,-9.1,21,34.9,26.1
2013,team_batter,Orioles,2246,6144,212,745,719,79,0.068,0.183,0.171,0.288,0.26,0.313,0.431,0.323,101,13.8,16.4,20.4,25.5
2013,team_batter,Athletics,2313,6209,186,767,725,74,0.092,0.19,0.165,0.289,0.254,0.327,0.419,0.327,108,10,66.2,-32.1,25.4
2013,team_batter,Dodgers,2336,6145,138,649,618,78,0.077,0.186,0.133,0.308,0.264,0.326,0.396,0.317,103,-8,14.7,29.6,24.6
2013,team_batter,Reds,2286,6293,155,698,664,67,0.093,0.198,0.142,0.293,0.249,0.327,0.391,0.316,96,-2,-32.9,58.5,23.1
2013,team_batter,Indians,2337,6165,171,745,711,117,0.091,0.208,0.155,0.3,0.255,0.327,0.41,0.324,104,11.5,39.3,-26,23
2013,team_batter,Pirates,2369,6135,161,634,603,94,0.076,0.217,0.151,0.294,0.245,0.313,0.396,0.312,99,1.8,-3.4,32.6,23
2013,team_batter,Brewers,2335,6064,157,640,610,142,0.067,0.195,0.145,0.294,0.252,0.311,0.398,0.311,91,-6.9,-66,91.1,22.3
2013,team_batter,Angels,2311,6260,164,733,696,82,0.084,0.195,0.15,0.307,0.264,0.329,0.414,0.325,109,-9.7,54.8,-56.7,21.7
2013,team_batter,Rangers,2321,6196,176,730,691,149,0.075,0.172,0.15,0.294,0.262,0.323,0.412,0.323,97,2,-22.5,1.3,19.4
2013,team_batter,Royals,2236,6093,112,648,620,153,0.069,0.172,0.119,0.3,0.26,0.315,0.379,0.305,89,18.2,-57.4,38.7,19.3
2013,team_batter,Diamondbacks,2349,6334,130,685,647,62,0.082,0.18,0.133,0.301,0.259,0.323,0.391,0.314,93,-18.5,-69.4,58.9,19.3
2013,team_batter,Padres,2359,6122,146,618,578,118,0.076,0.214,0.133,0.294,0.245,0.308,0.378,0.302,94,8.8,-35.4,30.1,19.2
2013,team_batter,Nationals,2241,6047,161,656,621,88,0.077,0.197,0.146,0.292,0.251,0.313,0.398,0.311,94,3.1,-34.7,19,17.8
2013,team_batter,Blue Jays,2314,6152,185,712,669,112,0.083,0.183,0.158,0.284,0.252,0.318,0.411,0.32,99,3.8,-2.8,-39.1,17
2013,team_batter,Mets,2378,6207,130,619,593,114,0.082,0.223,0.129,0.291,0.237,0.306,0.366,0.297,90,23,-49.2,14.2,16.3
2013,team_batter,Yankees,2253,6044,144,650,614,115,0.077,0.201,0.133,0.285,0.242,0.307,0.376,0.301,86,4.4,-89.2,31.7,15
2013,team_batter,Cubs,2294,6079,172,602,576,63,0.072,0.202,0.154,0.275,0.238,0.3,0.392,0.304,90,-11.9,-78.3,29.1,14.3
2013,team_batter,Rockies,2330,6152,159,706,673,112,0.069,0.196,0.149,0.317,0.27,0.323,0.418,0.324,87,17.4,-72.7,8,12.9
2013,team_batter,Twins,2332,6212,151,614,590,52,0.086,0.23,0.138,0.298,0.242,0.312,0.38,0.307,91,1.2,-66.1,-39,10.4
2013,team_batter,Mariners,2237,6172,188,624,597,49,0.086,0.219,0.152,0.279,0.237,0.306,0.39,0.307,95,-6.9,-41.1,-68.9,9.8
2013,team_batter,Phillies,2310,6014,140,610,578,73,0.069,0.2,0.135,0.293,0.248,0.306,0.384,0.303,89,-7.4,-81.9,-12.9,9.2
2013,team_batter,White Sox,2279,6077,148,598,574,105,0.068,0.199,0.129,0.291,0.249,0.302,0.378,0.299,85,-12.7,-117.5,-37.3,4.6
2013,team_batter,Marlins,2244,6021,95,513,485,78,0.072,0.205,0.104,0.28,0.231,0.293,0.335,0.279,74,-5.2,-178.9,25.5,2.9
2013,team_batter,Astros,2266,6020,148,610,566,110,0.071,0.255,0.136,0.304,0.24,0.299,0.375,0.298,85,-8.9,-112.7,-63.7,2.1
2014,team_batter,Pirates,2362,6224,156,682,659,104,0.084,0.2,0.145,0.307,0.259,0.33,0.404,0.325,108,3.8,61.6,40,31.8
2014,team_batter,Dodgers,2364,6231,134,718,686,138,0.083,0.2,0.14,0.318,0.265,0.333,0.406,0.327,112,-0.4,81.4,17.4,31.5
2014,team_batter,Angels,2468,6284,155,773,729,81,0.078,0.201,0.147,0.305,0.259,0.322,0.406,0.321,110,1.3,67.3,15.1,30.7
2014,team_batter,Orioles,2294,6130,211,705,681,44,0.065,0.21,0.166,0.296,0.256,0.311,0.422,0.323,104,-6.2,21.9,34.5,27.3
2014,team_batter,Nationals,2265,6216,152,686,635,101,0.083,0.21,0.14,0.303,0.253,0.321,0.393,0.317,99,15.3,8.4,46.5,26.7
2014,team_batter,Giants,2353,6087,132,665,636,56,0.07,0.205,0.133,0.304,0.255,0.311,0.388,0.308,99,0.5,-5.1,54.7,25.6
2014,team_batter,Tigers,2330,6202,155,757,731,106,0.071,0.184,0.15,0.319,0.277,0.331,0.426,0.331,112,-7.3,73,-39.8,25
2014,team_batter,Blue Jays,2397,6167,177,723,690,78,0.081,0.187,0.155,0.295,0.259,0.323,0.414,0.325,107,0,44.9,-34.4,22.4
2014,team_batter,Athletics,2358,6245,146,729,686,83,0.094,0.177,0.137,0.278,0.244,0.32,0.381,0.312,102,11,27.2,-30.6,21.2
2014,team_batter,Brewers,2327,6065,150,650,617,102,0.07,0.197,0.147,0.293,0.25,0.311,0.397,0.313,94,-12.1,-56.2,60.7,20.6
2014,team_batter,Rays,2352,6205,117,612,586,63,0.085,0.181,0.12,0.287,0.247,0.317,0.367,0.305,97,1,-19.9,6.2,19.9
2014,team_batter,Royals,2273,6058,95,651,604,153,0.063,0.163,0.113,0.302,0.263,0.314,0.376,0.306,92,4.8,-47.8,27.4,18.7
2014,team_batter,Yankees,2288,6082,147,633,591,112,0.074,0.186,0.135,0.282,0.245,0.307,0.38,0.305,94,3.2,-38.5,13.4,18.2
2014,team_batter,Cardinals,2324,6086,105,619,585,57,0.077,0.186,0.116,0.3,0.253,0.32,0.369,0.308,95,-15.5,-49,26.4,17.7
2014,team_batter,Mets,2294,6145,125,629,602,101,0.084,0.206,0.126,0.286,0.239,0.308,0.364,0.299,92,-0.4,-56,30.5,17.6
2014,team_batter,Red Sox,2283,6226,123,634,601,63,0.086,0.215,0.124,0.297,0.244,0.316,0.369,0.305,89,-8.1,-83,45.6,17.4
2014,team_batter,Mariners,2333,5977,136,634,600,96,0.066,0.206,0.132,0.29,0.244,0.3,0.376,0.299,94,3.2,-37.5,3.1,16.8
2014,team_batter,Marlins,2311,6185,122,645,614,58,0.081,0.229,0.125,0.316,0.253,0.317,0.378,0.307,95,-5.6,-42.3,6.7,16.6
2014,team_batter,Rockies,2387,6164,186,755,721,85,0.064,0.208,0.169,0.326,0.276,0.327,0.445,0.337,97,-12.3,-33.1,-1.9,16.6
2014,team_batter,Cubs,2358,6102,157,614,590,65,0.072,0.242,0.146,0.296,0.239,0.3,0.385,0.303,91,4,-59.5,16.1,15.5
2014,team_batter,Twins,2292,6233,128,715,675,99,0.087,0.213,0.135,0.309,0.254,0.324,0.389,0.316,100,20.9,23.8,-79.2,15.4
2014,team_batter,Reds,2213,5978,131,595,562,122,0.069,0.209,0.127,0.284,0.238,0.296,0.365,0.294,83,-1.2,-115.4,67.4,14.6
2014,team_batter,Indians,2391,6222,142,669,644,104,0.081,0.191,0.136,0.296,0.253,0.317,0.389,0.313,98,9.9,-1.7,-64.6,14.2
2014,team_batter,Astros,2229,6055,163,629,596,122,0.082,0.238,0.141,0.298,0.242,0.309,0.383,0.308,98,3.6,-8.1,-54.5,14
2014,team_batter,Diamondbacks,2274,6089,118,615,573,86,0.065,0.191,0.127,0.293,0.248,0.302,0.376,0.3,83,1.5,-112.8,51.6,13.5
2014,team_batter,White Sox,2285,6077,155,660,625,85,0.069,0.224,0.146,0.306,0.253,0.31,0.398,0.312,99,-13.1,-23.5,-52.9,12.6
2014,team_batter,Braves,2252,6064,123,573,545,95,0.078,0.226,0.119,0.298,0.241,0.305,0.36,0.296,86,-4.4,-98.9,29.2,12.5
2014,team_batter,Padres,2362,5905,109,535,500,91,0.079,0.219,0.115,0.277,0.226,0.292,0.342,0.283,82,-6.2,-128.7,58.7,11.9
2014,team_batter,Rangers,2264,6026,111,637,597,105,0.069,0.193,0.119,0.305,0.256,0.314,0.375,0.305,90,-1.8,-66.8,-14.7,11.8
2014,team_batter,Phillies,2282,6198,125,619,584,109,0.071,0.211,0.121,0.292,0.242,0.302,0.363,0.295,86,10.6,-85.5,3,11.5
2015,team_batter,Blue Jays,2337,6231,232,891,852,88,0.091,0.185,0.188,0.298,0.269,0.34,0.457,0.344,117,11,135.9,5,36.5
2015,team_batter,Giants,2342,6153,136,696,663,93,0.074,0.188,0.139,0.313,0.267,0.326,0.406,0.318,104,-0.4,25.6,58.3,29.1
2015,team_batter,Dodgers,2379,6090,187,667,638,59,0.092,0.207,0.163,0.292,0.25,0.326,0.413,0.322,106,-15.3,28.2,51.2,28.4
2015,team_batter,Astros,2333,6073,230,729,691,121,0.08,0.229,0.187,0.292,0.25,0.315,0.437,0.325,108,8.1,66.8,-17.1,26.3
2015,team_batter,Cubs,2406,6200,171,689,657,95,0.091,0.245,0.154,0.305,0.244,0.321,0.398,0.313,96,15.1,-15.8,64.7,25.5
2015,team_batter,Mets,2325,6145,177,683,654,51,0.079,0.21,0.156,0.287,0.244,0.312,0.4,0.309,98,6.2,-6.8,51,24.9
2015,team_batter,Pirates,2431,6285,140,697,661,98,0.073,0.21,0.136,0.314,0.26,0.323,0.396,0.313,97,3.5,-17.4,49.3,24
2015,team_batter,Cardinals,2406,6139,137,647,619,69,0.082,0.206,0.142,0.303,0.253,0.321,0.394,0.311,97,0.9,-21.2,53.8,23.6
2015,team_batter,Royals,2263,6116,139,724,689,104,0.063,0.159,0.144,0.301,0.269,0.322,0.412,0.318,99,-0.3,-8.3,16,22
2015,team_batter,Diamondbacks,2393,6276,154,720,680,132,0.078,0.209,0.15,0.316,0.264,0.324,0.414,0.319,95,12.5,-23.3,33.7,21.7
2015,team_batter,Rangers,2358,6187,172,751,707,101,0.081,0.199,0.156,0.3,0.257,0.325,0.413,0.321,98,21.6,4.8,-2.9,21.6
2015,team_batter,Yankees,2401,6268,212,764,737,63,0.088,0.196,0.17,0.283,0.251,0.323,0.421,0.323,103,3,25.3,-37.2,20.5
2015,team_batter,Rays,2479,6071,167,644,612,87,0.072,0.216,0.154,0.3,0.252,0.314,0.406,0.313,100,-13.4,-16.2,3.1,19.6
2015,team_batter,Indians,2285,6109,141,669,640,86,0.087,0.189,0.144,0.299,0.256,0.325,0.401,0.315,97,8.1,-15.6,-3.3,19.2
2015,team_batter,Nationals,2245,6117,177,703,665,57,0.088,0.22,0.151,0.3,0.251,0.321,0.403,0.315,96,-2.3,-29.7,13.8,18.4
2015,team_batter,Red Sox,2268,6237,161,748,706,71,0.077,0.184,0.149,0.305,0.265,0.325,0.415,0.321,99,1.4,-5.9,-29,17.9
2015,team_batter,Angels,2459,5990,176,661,621,52,0.073,0.192,0.15,0.28,0.246,0.307,0.396,0.305,95,0.5,-37,5.3,17.4
2015,team_batter,Orioles,2249,6007,217,713,686,44,0.07,0.222,0.171,0.291,0.25,0.307,0.421,0.315,97,-4.9,-23.9,-8.4,17.4
2015,team_batter,Tigers,2340,6159,151,689,660,83,0.074,0.204,0.15,0.322,0.27,0.328,0.42,0.324,103,-27.6,-8.6,-30.7,17.2
2015,team_batter,Mariners,2407,6131,198,656,624,69,0.078,0.218,0.162,0.292,0.249,0.311,0.411,0.313,100,-23.1,-20.7,-18.2,17.1
2015,team_batter,Reds,2337,6196,167,640,613,134,0.08,0.203,0.146,0.29,0.248,0.312,0.394,0.307,91,10.9,-52.1,14.2,16.3
2015,team_batter,Padres,2396,6019,148,650,623,82,0.071,0.22,0.142,0.292,0.243,0.3,0.385,0.298,90,5,-63.2,29.5,16.2
2015,team_batter,Marlins,2297,5988,120,613,575,112,0.063,0.192,0.124,0.307,0.26,0.31,0.384,0.302,91,-1.2,-67.2,30.6,15.8
2015,team_batter,Brewers,2377,6024,145,655,624,84,0.068,0.216,0.142,0.303,0.251,0.307,0.393,0.304,87,1.5,-87.9,21,12.7
2015,team_batter,Twins,2311,6017,156,696,661,70,0.073,0.21,0.152,0.292,0.247,0.305,0.399,0.305,89,-5.5,-80.4,-1.1,12.2
2015,team_batter,Athletics,2349,6171,146,694,661,78,0.077,0.181,0.144,0.288,0.251,0.312,0.395,0.308,95,-1,-34.1,-60.6,11.3
2015,team_batter,Braves,2340,6034,100,573,548,69,0.078,0.183,0.108,0.297,0.251,0.314,0.359,0.296,84,-2.7,-115.5,23,10
2015,team_batter,Rockies,2436,6071,186,737,702,97,0.064,0.211,0.167,0.313,0.265,0.315,0.432,0.321,87,4.7,-91.9,-6.9,9.4
2015,team_batter,Phillies,2321,6053,130,626,586,88,0.064,0.21,0.133,0.299,0.249,0.303,0.382,0.298,86,-1.9,-100.3,-3.2,8.9
2015,team_batter,White Sox,2265,6070,136,622,595,68,0.067,0.203,0.13,0.296,0.25,0.306,0.38,0.3,89,-15.2,-94.3,-22.8,8.6
2016,team_batter,Cubs,2332,6335,199,808,767,66,0.104,0.211,0.173,0.302,0.256,0.343,0.429,0.333,106,17.3,61.3,105.5,37.2
2016,team_batter,Red Sox,2284,6320,208,878,836,83,0.088,0.184,0.179,0.32,0.282,0.348,0.461,0.346,113,10.6,109.9,15.9,35.2
2016,team_batter,Giants,2404,6271,130,715,675,79,0.091,0.177,0.14,0.299,0.258,0.329,0.398,0.315,96,-2.8,-34.8,90.1,25.6
2016,team_batter,Dodgers,2491,6164,189,725,680,45,0.085,0.214,0.16,0.294,0.249,0.319,0.409,0.314,97,2,-20.2,74.2,25.1
2016,team_batter,Blue Jays,2349,6233,221,759,728,54,0.101,0.219,0.178,0.289,0.248,0.33,0.426,0.327,104,-9,21.9,3.1,24.6
2016,team_batter,Indians,2366,6155,185,777,733,134,0.086,0.202,0.168,0.304,0.262,0.329,0.43,0.326,100,15.8,14.1,12.5,24.4
2016,team_batter,Mets,2430,6115,218,671,649,42,0.085,0.213,0.171,0.282,0.246,0.316,0.417,0.315,99,-8.6,-17.7,60.3,23.8
2016,team_batter,Astros,2334,6204,198,724,689,102,0.089,0.234,0.17,0.298,0.247,0.319,0.417,0.317,101,-5.4,2.8,13.5,23.6
2016,team_batter,Nationals,2302,6202,203,763,735,121,0.086,0.202,0.17,0.293,0.256,0.325,0.426,0.322,96,16,-16.7,43,22.4
2016,team_batter,Cardinals,2400,6223,225,779,745,35,0.085,0.212,0.187,0.294,0.255,0.325,0.443,0.329,105,-17.1,18.9,4.8,22.2
2016,team_batter,Marlins,2460,6133,128,655,626,71,0.073,0.198,0.131,0.314,0.263,0.322,0.394,0.309,95,2.4,-40.1,60.3,21.6
2016,team_batter,Tigers,2295,6127,211,750,719,58,0.08,0.213,0.171,0.312,0.267,0.331,0.438,0.33,106,-16.9,27,-27.8,21.5
2016,team_batter,Mariners,2371,6227,223,768,735,56,0.081,0.207,0.171,0.297,0.259,0.326,0.43,0.325,108,-13.5,44.6,-51.3,21.3
2016,team_batter,Orioles,2257,6089,253,744,710,19,0.077,0.217,0.188,0.291,0.256,0.317,0.443,0.326,103,2.5,22.6,-26.9,21.1
2016,team_batter,Angels,2419,6041,156,717,686,73,0.078,0.164,0.145,0.289,0.26,0.322,0.405,0.314,99,-16.8,-27.4,10.1,19.6
2016,team_batter,Pirates,2458,6261,153,729,696,110,0.09,0.213,0.144,0.311,0.257,0.332,0.402,0.318,97,-6.7,-26.5,15.9,18.8
2016,team_batter,Rays,2281,6046,216,672,647,60,0.074,0.245,0.182,0.293,0.243,0.307,0.426,0.315,98,-0.4,-13,-12.3,18.8
2016,team_batter,Rockies,2369,6236,204,845,805,66,0.079,0.213,0.182,0.326,0.275,0.336,0.457,0.339,94,1.1,-45,28.9,18.2
2016,team_batter,Rangers,2324,6089,215,765,746,99,0.072,0.2,0.172,0.298,0.262,0.322,0.433,0.324,95,2,-37,-16.1,16.1
2016,team_batter,Diamondbacks,2399,6260,190,752,709,137,0.074,0.228,0.171,0.315,0.261,0.32,0.432,0.321,93,17.7,-39.9,1.2,15.9
2016,team_batter,Yankees,2308,6058,183,680,647,72,0.078,0.196,0.153,0.289,0.252,0.314,0.405,0.311,92,10.6,-49.7,-3.8,15.9
2016,team_batter,White Sox,2217,6131,168,686,656,77,0.074,0.21,0.153,0.304,0.257,0.317,0.41,0.314,97,-2.5,-27.2,-45.1,14.2
2016,team_batter,Brewers,2342,6061,194,671,641,181,0.099,0.255,0.163,0.304,0.244,0.322,0.407,0.315,92,5.2,-55.2,-10,12.6
2016,team_batter,Twins,2290,6245,200,722,690,91,0.082,0.228,0.171,0.3,0.251,0.316,0.421,0.317,95,7.8,-28.5,-64.7,12.5
2016,team_batter,Reds,2287,6094,164,716,678,139,0.074,0.211,0.152,0.303,0.256,0.316,0.408,0.311,89,-4.3,-89.9,19.7,12.2
2016,team_batter,Royals,2244,6052,147,675,640,121,0.063,0.202,0.139,0.309,0.261,0.312,0.4,0.307,89,-4.3,-83.9,-7.9,12
2016,team_batter,Padres,2355,6000,177,686,654,125,0.075,0.25,0.155,0.291,0.235,0.299,0.39,0.297,84,24.8,-92.3,11.9,10.8
2016,team_batter,Phillies,2348,5992,161,610,575,96,0.071,0.23,0.144,0.292,0.24,0.301,0.385,0.296,81,0.9,-137.5,45.4,9.6
2016,team_batter,Braves,2390,6192,122,649,615,75,0.081,0.2,0.13,0.305,0.255,0.321,0.384,0.304,86,-6.1,-110.8,11.2,9.5
2016,team_batter,Athletics,2343,6022,169,653,634,50,0.073,0.19,0.149,0.28,0.246,0.304,0.395,0.302,89,-22.2,-100.5,-74.8,3.3
2017,team_batter,Astros,2313,6271,238,896,854,98,0.081,0.173,0.196,0.309,0.282,0.346,0.478,0.349,122,-0.4,167.9,-39.7,34.2
2017,team_batter,Dodgers,2464,6191,221,770,730,77,0.105,0.223,0.188,0.293,0.249,0.334,0.437,0.33,104,5.8,40.6,96,33.7
2017,team_batter,Yankees,2294,6354,241,858,821,90,0.097,0.218,0.185,0.304,0.262,0.339,0.447,0.336,108,11.1,70.3,-2.4,28.5
2017,team_batter,Marlins,2399,6248,194,778,743,91,0.078,0.205,0.163,0.313,0.267,0.331,0.431,0.325,102,1.4,13.7,61,27.7
2017,team_batter,Indians,2367,6234,212,818,780,88,0.097,0.185,0.186,0.295,0.263,0.339,0.449,0.336,105,11.1,49.7,5.4,26.8
2017,team_batter,Cubs,2420,6283,223,822,785,62,0.099,0.223,0.182,0.302,0.255,0.338,0.437,0.331,101,-6.8,4.2,57.4,26.5
2017,team_batter,Cardinals,2416,6219,196,761,728,81,0.095,0.217,0.17,0.304,0.256,0.334,0.426,0.326,100,2,-1.4,59,25.9
2017,team_batter,Twins,2324,6261,206,815,781,95,0.095,0.214,0.174,0.306,0.26,0.334,0.434,0.329,102,14.4,30.6,0.5,24.5
2017,team_batter,Nationals,2322,6214,215,819,796,108,0.087,0.214,0.183,0.311,0.266,0.332,0.449,0.331,99,11.9,5,33.7,24
2017,team_batter,Mets,2396,6169,224,735,713,58,0.086,0.209,0.184,0.286,0.25,0.32,0.434,0.322,101,-11.3,-4.3,36.7,23.2
2017,team_batter,Mariners,2323,6166,200,750,714,89,0.079,0.205,0.165,0.3,0.259,0.325,0.424,0.321,104,-12.6,15,-12,21.4
2017,team_batter,Rays,2345,6147,228,694,671,88,0.089,0.25,0.178,0.296,0.245,0.317,0.422,0.316,98,11.2,-5.2,6.7,21.2
2017,team_batter,Diamondbacks,2360,6224,220,812,776,103,0.093,0.234,0.19,0.306,0.254,0.329,0.445,0.329,95,12.4,-27.9,27.1,20.1
2017,team_batter,Angels,2392,6073,186,710,678,136,0.086,0.197,0.155,0.277,0.243,0.315,0.397,0.307,93,1.4,-54.6,44.3,19.8
2017,team_batter,Reds,2321,6213,219,753,715,120,0.091,0.214,0.179,0.294,0.253,0.329,0.433,0.325,95,-5.3,-43.5,33.6,19.1
2017,team_batter,Red Sox,2334,6338,168,785,735,106,0.09,0.193,0.149,0.3,0.258,0.329,0.407,0.316,91,4.9,-65.3,36.3,18.8
2017,team_batter,Braves,2374,6216,165,732,706,77,0.076,0.19,0.15,0.305,0.263,0.326,0.412,0.316,89,4.3,-82.3,54.9,17.4
2017,team_batter,Brewers,2423,6135,224,732,695,128,0.089,0.256,0.18,0.308,0.249,0.322,0.429,0.321,93,2.4,-50.6,24.3,17.3
2017,team_batter,Athletics,2350,6126,234,739,708,57,0.092,0.243,0.19,0.294,0.246,0.319,0.436,0.323,102,-5.5,12,-50.7,17.1
2017,team_batter,Tigers,2336,6150,187,735,699,65,0.082,0.213,0.166,0.306,0.258,0.324,0.424,0.321,98,-19.8,-31.5,-40.5,13.9
2017,team_batter,Orioles,2351,6140,232,743,713,32,0.064,0.23,0.175,0.306,0.26,0.312,0.435,0.318,97,-14.9,-41.6,-31.3,13.8
2017,team_batter,White Sox,2289,6059,186,706,670,71,0.066,0.231,0.161,0.309,0.256,0.314,0.417,0.313,95,-1.9,-41.4,-39.4,12.7
2017,team_batter,Rockies,2374,6201,192,824,793,59,0.084,0.227,0.171,0.332,0.273,0.338,0.444,0.332,87,-6.4,-111.5,23.3,11.3
2017,team_batter,Blue Jays,2455,6154,222,693,661,53,0.088,0.216,0.172,0.276,0.24,0.312,0.412,0.312,93,-15.8,-73,-26.1,11.2
2017,team_batter,Royals,2342,6027,193,702,660,91,0.065,0.193,0.16,0.295,0.259,0.311,0.42,0.312,91,2.5,-61.9,-35.9,10.9
2017,team_batter,Pirates,2371,6136,151,668,635,67,0.085,0.198,0.142,0.286,0.244,0.318,0.386,0.304,85,-2.2,-117.7,26.3,10.8
2017,team_batter,Phillies,2308,6133,174,690,654,59,0.081,0.231,0.159,0.304,0.25,0.315,0.409,0.31,88,-9.5,-102,9.8,10.7
2017,team_batter,Rangers,2268,6122,237,799,756,113,0.089,0.244,0.186,0.291,0.244,0.32,0.43,0.321,91,6.3,-58.5,-51.2,10
2017,team_batter,Giants,2372,6137,128,639,612,76,0.076,0.196,0.132,0.294,0.249,0.309,0.38,0.296,82,2.6,-142.9,40.5,9.7
2017,team_batter,Padres,2342,5954,189,604,576,89,0.077,0.252,0.16,0.287,0.234,0.299,0.393,0.298,82,6.7,-132,16.6,7.8
2018,team_batter,Dodgers,2574,6358,235,804,756,75,0.102,0.226,0.191,0.294,0.25,0.333,0.442,0.333,111,11.4,99,41.6,35.1
2018,team_batter,Red Sox,2345,6302,208,876,829,125,0.09,0.199,0.185,0.309,0.268,0.339,0.453,0.34,110,-5.1,71.9,32,32.1
2018,team_batter,Yankees,2269,6271,267,851,821,63,0.1,0.227,0.202,0.285,0.249,0.329,0.451,0.335,111,14.6,93.6,-3.7,30.6
2018,team_batter,Athletics,2403,6255,227,813,778,35,0.088,0.221,0.187,0.294,0.252,0.325,0.439,0.329,110,-5.8,70.1,18.2,30.4
2018,team_batter,Indians,2413,6300,216,818,786,135,0.088,0.189,0.176,0.291,0.259,0.332,0.434,0.33,104,13.7,46.5,18.9,28.2
2018,team_batter,Brewers,2496,6210,218,754,711,124,0.086,0.235,0.172,0.302,0.252,0.323,0.424,0.322,99,8.2,1,69.7,27.4
2018,team_batter,Astros,2348,6146,205,797,763,71,0.092,0.195,0.17,0.289,0.255,0.329,0.425,0.327,110,-7,65.1,-14.5,26.1
2018,team_batter,Braves,2377,6251,175,759,717,90,0.082,0.206,0.161,0.302,0.257,0.324,0.417,0.319,97,12.6,-13.2,67.5,25.9
2018,team_batter,Cubs,2490,6369,167,761,722,66,0.09,0.218,0.152,0.313,0.258,0.333,0.41,0.321,100,2.2,-1.6,47.3,25.4
2018,team_batter,Angels,2467,6108,214,721,690,89,0.084,0.213,0.171,0.277,0.242,0.313,0.413,0.313,100,2.8,5.4,33.3,24.8
2018,team_batter,Cardinals,2464,6200,205,759,725,63,0.085,0.223,0.16,0.294,0.249,0.321,0.409,0.316,98,12.9,-1.1,45.6,24.7
2018,team_batter,Nationals,2441,6288,191,771,737,119,0.1,0.205,0.164,0.297,0.254,0.335,0.419,0.325,101,8.4,14,21.6,24.1
2018,team_batter,Rays,2371,6195,150,716,664,128,0.087,0.224,0.148,0.317,0.258,0.333,0.406,0.322,105,-0.3,39.8,-24.4,22.7
2018,team_batter,Diamondbacks,2409,6157,176,693,658,79,0.091,0.237,0.162,0.286,0.235,0.31,0.397,0.306,88,7.1,-84.3,81.2,19.7
2018,team_batter,Mariners,2373,6087,176,677,644,79,0.071,0.201,0.154,0.295,0.254,0.314,0.408,0.313,101,-7,0.6,-18.1,18.9
2018,team_batter,Pirates,2293,6066,157,692,665,70,0.078,0.203,0.154,0.298,0.254,0.317,0.407,0.312,96,-13.3,-45.4,28.9,18
2018,team_batter,Reds,2402,6240,172,696,665,77,0.09,0.221,0.148,0.307,0.254,0.328,0.401,0.317,95,-1.9,-40.2,9.3,17.1
2018,team_batter,Rockies,2368,6178,210,780,748,95,0.082,0.226,0.179,0.304,0.256,0.322,0.435,0.325,87,3.2,-94.1,52.3,15.7
2018,team_batter,Mets,2333,6177,170,676,649,71,0.092,0.227,0.154,0.283,0.234,0.312,0.389,0.305,95,2.6,-37.3,-7.8,15.4
2018,team_batter,Twins,2351,6154,166,738,704,47,0.087,0.216,0.155,0.298,0.25,0.318,0.405,0.313,95,0.6,-39.2,-18.8,15
2018,team_batter,Blue Jays,2435,6076,217,709,680,47,0.082,0.228,0.183,0.286,0.244,0.312,0.427,0.319,101,-27.1,-22.8,-46.9,13.5
2018,team_batter,Phillies,2474,6136,186,677,653,69,0.095,0.248,0.158,0.289,0.234,0.314,0.393,0.307,91,2.9,-64.3,-4.5,12.8
2018,team_batter,Royals,2184,6063,155,638,606,117,0.07,0.216,0.146,0.293,0.245,0.305,0.392,0.303,88,-7.4,-93.5,14.4,12.5
2018,team_batter,Rangers,2300,6163,194,737,696,74,0.09,0.241,0.164,0.292,0.24,0.318,0.404,0.315,90,7.2,-66.1,-20.8,12
2018,team_batter,Marlins,2434,6083,128,589,554,45,0.075,0.228,0.119,0.293,0.237,0.303,0.357,0.289,83,-15.8,-140.1,48.5,10.3
2018,team_batter,White Sox,2348,6071,182,656,639,98,0.07,0.263,0.16,0.304,0.241,0.302,0.401,0.304,92,-7.2,-66.7,-53.4,8.3
2018,team_batter,Padres,2380,6059,162,617,583,95,0.078,0.251,0.145,0.294,0.235,0.297,0.38,0.294,84,-5.7,-122.1,8.9,8
2018,team_batter,Tigers,2323,6029,135,630,597,70,0.071,0.222,0.138,0.293,0.241,0.3,0.38,0.295,84,6.4,-107.5,-18.4,7.5
2018,team_batter,Giants,2412,6113,133,603,573,77,0.073,0.24,0.129,0.299,0.239,0.3,0.368,0.29,82,-2.9,-140.9,10.9,6.5
2018,team_batter,Orioles,2313,6034,188,622,593,81,0.07,0.234,0.152,0.286,0.239,0.298,0.391,0.299,87,-9.6,-107,-74.8,1.8
2019,team_batter,Dodgers,1454,3956,170,548,531,34,0.099,0.207,0.21,0.296,0.264,0.345,0.473,0.342,113,3.6,74,42.2,23.8
2019,team_batter,Astros,1391,3900,161,520,507,47,0.098,0.181,0.204,0.294,0.271,0.346,0.475,0.345,120,-5.2,93.2,-9.8,21.5
2019,team_batter,Twins,1356,3819,181,542,520,24,0.078,0.204,0.224,0.299,0.27,0.336,0.494,0.347,115,-6.2,64.8,11.1,20.5
2019,team_batter,Red Sox,1447,3988,148,566,536,52,0.096,0.207,0.193,0.317,0.274,0.347,0.466,0.342,109,1.3,47.3,2,18.5
2019,team_batter,Cubs,1401,3759,155,501,482,25,0.1,0.236,0.201,0.302,0.256,0.337,0.458,0.334,105,-3,19.6,29.9,16.7
2019,team_batter,Diamondbacks,1424,3899,141,514,490,54,0.08,0.214,0.191,0.3,0.259,0.325,0.45,0.325,97,8.2,-7.9,49.8,16.4
2019,team_batter,Angels,1462,3868,142,511,487,40,0.094,0.181,0.18,0.285,0.259,0.335,0.439,0.328,108,-3.7,33.6,-3.4,16.2
2019,team_batter,Braves,1482,3898,154,527,510,49,0.093,0.223,0.195,0.305,0.261,0.336,0.456,0.333,102,2.6,13.3,26.8,16.2
2019,team_batter,Yankees,1358,3729,162,554,528,37,0.097,0.231,0.199,0.312,0.267,0.342,0.465,0.34,111,-1.7,50.9,-18.4,16
2019,team_batter,Athletics,1432,3853,162,520,487,32,0.086,0.199,0.2,0.277,0.251,0.324,0.451,0.327,106,-2.5,25.6,1.4,15.8
2019,team_batter,Brewers,1483,3894,168,487,473,68,0.096,0.243,0.203,0.294,0.249,0.328,0.452,0.327,99,4.4,-0.4,32.7,15.4
2019,team_batter,Rays,1458,3917,131,462,437,63,0.083,0.243,0.175,0.309,0.253,0.324,0.428,0.319,101,6.6,11.9,4.5,15
2019,team_batter,Phillies,1439,3796,124,476,454,39,0.095,0.227,0.175,0.291,0.244,0.323,0.419,0.314,92,2.7,-39.3,43.5,12.4
2019,team_batter,Padres,1430,3653,152,434,420,47,0.079,0.261,0.189,0.294,0.244,0.308,0.432,0.312,93,-6.6,-43,43.4,11.6
2019,team_batter,Mariners,1423,3893,166,500,486,69,0.094,0.25,0.201,0.285,0.241,0.318,0.443,0.321,105,5.8,28.9,-50.3,11.3
2019,team_batter,Mets,1467,3817,139,464,447,38,0.081,0.228,0.177,0.302,0.255,0.325,0.432,0.321,101,-11,-3.5,-4.5,11.3
2019,team_batter,Nationals,1384,3716,131,482,459,63,0.088,0.219,0.179,0.3,0.256,0.33,0.435,0.324,96,1.4,-20.8,9.1,10.6
2019,team_batter,Cardinals,1426,3664,119,439,413,61,0.088,0.223,0.159,0.288,0.244,0.318,0.402,0.308,89,6.6,-47.1,26.8,9.6
2019,team_batter,Indians,1375,3633,128,444,415,67,0.094,0.221,0.176,0.288,0.247,0.322,0.422,0.315,92,7.2,-30.9,1.1,9.6
2019,team_batter,Pirates,1440,3740,103,456,448,36,0.068,0.201,0.162,0.317,0.269,0.325,0.431,0.318,96,1.1,-19.9,-5.4,9.4
2019,team_batter,Rangers,1374,3774,140,519,491,79,0.09,0.263,0.192,0.31,0.25,0.323,0.442,0.323,94,10.8,-20.7,-20.1,9
2019,team_batter,Royals,1367,3754,96,437,416,91,0.076,0.228,0.156,0.305,0.25,0.313,0.407,0.306,88,0.9,-57.4,16.5,8.9
2019,team_batter,Giants,1461,3744,105,439,426,27,0.081,0.231,0.161,0.285,0.237,0.303,0.397,0.297,83,-5.3,-88,33.4,6.5
2019,team_batter,Reds,1459,3599,130,425,411,44,0.078,0.232,0.176,0.286,0.242,0.312,0.418,0.309,86,-9.4,-75.5,24.4,6.4
2019,team_batter,White Sox,1357,3521,110,406,386,45,0.065,0.254,0.151,0.321,0.257,0.312,0.408,0.307,91,5.6,-33.8,-25.7,6.3
2019,team_batter,Rockies,1445,3810,128,534,514,34,0.074,0.244,0.189,0.326,0.265,0.324,0.455,0.326,84,0.7,-81.7,10.2,5.1
2019,team_batter,Blue Jays,1404,3736,139,438,418,30,0.082,0.243,0.176,0.277,0.234,0.301,0.41,0.302,87,-2.1,-66,-18.8,4.6
2019,team_batter,Marlins,1401,3576,77,349,338,28,0.065,0.242,0.122,0.302,0.24,0.298,0.362,0.284,77,-12.7,-123.7,23.6,1.6
2019,team_batter,Orioles,1387,3647,118,413,388,45,0.07,0.239,0.162,0.292,0.242,0.302,0.404,0.3,85,-0.8,-70.5,-48.7,1
2019,team_batter,Tigers,1370,3540,87,346,331,38,0.07,0.262,0.151,0.298,0.234,0.292,0.385,0.288,77,0.7,-104.6,-31.9,-1.1
2008,team_batter,Cardinals,2396,6370,174,779,744,73,9.10%,15.50%,0.152,0.312,0.281,0.35,0.433,0.342,107,-10,46.4,93.3,34.2
2008,team_batter,Red Sox,2293,6402,173,845,807,120,10.10%,16.70%,0.168,0.315,0.28,0.358,0.447,0.351,110,-4.7,72.2,39.1,33.3
2008,team_batter,Phillies,2396,6273,214,799,762,136,9.30%,17.80%,0.182,0.283,0.255,0.332,0.438,0.334,98,23.6,4.7,122.7,32.6
2008,team_batter,Cubs,2345,6384,184,855,811,87,10.00%,18.60%,0.165,0.321,0.278,0.354,0.443,0.349,104,6.1,33.2,70,30.6
2008,team_batter,Rays,2299,6312,180,774,735,142,9.90%,19.40%,0.162,0.302,0.26,0.34,0.422,0.335,105,5.6,43.8,34.2,29.7
2008,team_batter,Mets,2405,6388,172,799,751,138,9.70%,16.00%,0.154,0.296,0.266,0.34,0.42,0.332,100,12.7,13.4,68.6,28.5
2008,team_batter,Braves,2407,6368,130,753,721,58,9.70%,16.10%,0.138,0.309,0.27,0.345,0.408,0.332,99,-5.8,-12.5,58.5,24.8
2008,team_batter,Brewers,2227,6252,198,750,722,108,8.80%,19.20%,0.179,0.287,0.253,0.325,0.431,0.329,97,8.9,-11.7,60.8,24.8
2008,team_batter,Indians,2199,6299,171,805,772,77,8.90%,19.30%,0.162,0.305,0.262,0.339,0.424,0.334,103,0.7,24.6,-7.8,23.5
2008,team_batter,Astros,2312,6051,167,712,684,114,7.40%,17.40%,0.152,0.296,0.263,0.323,0.415,0.322,94,0.4,-49.2,88.6,23.2
2008,team_batter,Rangers,2281,6478,194,901,867,81,9.20%,18.60%,0.179,0.325,0.283,0.354,0.462,0.355,112,11.1,108.1,-103.4,23
2008,team_batter,Yankees,2330,6257,180,789,758,118,8.60%,16.20%,0.156,0.302,0.271,0.342,0.427,0.338,104,-6.7,24.3,-28.6,21.3
2008,team_batter,Orioles,2340,6211,172,782,750,81,8.60%,15.90%,0.162,0.296,0.267,0.333,0.429,0.333,99,-5.1,-17,-1.7,19.7
2008,team_batter,Twins,2287,6331,111,829,791,102,8.40%,15.50%,0.129,0.316,0.279,0.34,0.408,0.328,99,12.3,4.7,-37.1,18.8
2008,team_batter,Marlins,2361,6206,208,770,741,76,8.70%,22.10%,0.179,0.3,0.254,0.326,0.433,0.33,96,5.7,-27.5,11.9,18.2
2008,team_batter,Angels,2229,6155,159,765,721,129,7.80%,16.00%,0.145,0.299,0.268,0.33,0.413,0.324,96,-1,-30.9,-4.4,17.8
2008,team_batter,Blue Jays,2244,6191,126,714,681,80,8.40%,15.20%,0.135,0.295,0.264,0.331,0.399,0.322,94,-10.9,-60.7,20.9,17.5
2008,team_batter,Tigers,2267,6331,200,821,780,63,9.00%,17.00%,0.173,0.301,0.271,0.34,0.444,0.343,106,-6.7,42.3,-93,16.9
2008,team_batter,Dodgers,2376,6194,137,700,659,126,8.80%,16.70%,0.134,0.301,0.264,0.333,0.399,0.321,93,5.1,-51.1,17.8,16.4
2008,team_batter,White Sox,2298,6231,235,811,785,67,8.70%,16.30%,0.185,0.281,0.263,0.332,0.448,0.339,101,-27.4,-17.7,-49.7,14.9
2008,team_batter,Athletics,2282,6138,125,646,610,88,9.40%,20.00%,0.127,0.289,0.242,0.318,0.369,0.306,86,12.4,-92.6,26.2,14.7
2008,team_batter,Reds,2392,6188,187,704,677,85,9.00%,18.20%,0.161,0.278,0.247,0.321,0.408,0.319,87,1.1,-103.3,49,14.3
2008,team_batter,Padres,2343,6244,154,637,615,36,8.30%,20.20%,0.14,0.294,0.25,0.317,0.39,0.311,92,-4.2,-63.7,-2.8,13.2
2008,team_batter,Giants,2382,6145,94,640,606,108,7.40%,17.00%,0.12,0.305,0.262,0.321,0.382,0.309,83,-15.4,-149.4,51.6,9.8
2008,team_batter,Diamondbacks,2280,6156,159,720,683,58,9.50%,20.90%,0.164,0.299,0.251,0.327,0.415,0.324,88,12.1,-83.9,-16.1,9.6
2008,team_batter,Nationals,2397,6192,117,641,608,81,8.60%,17.70%,0.122,0.292,0.251,0.323,0.373,0.31,84,-16.8,-145.4,30.9,8.3
2008,team_batter,Rockies,2310,6312,160,747,714,141,9.00%,19.20%,0.152,0.308,0.263,0.336,0.415,0.33,88,15.2,-80.7,-40.3,8
2008,team_batter,Royals,2250,6118,120,691,650,79,6.40%,16.40%,0.128,0.307,0.269,0.32,0.397,0.315,87,-9.5,-109.1,-27.7,7.6
2008,team_batter,Mariners,2296,6176,124,671,631,90,6.80%,14.40%,0.124,0.294,0.265,0.318,0.389,0.31,90,-8.9,-86.1,-57,7.2
2008,team_batter,Pirates,2340,6278,153,735,705,57,7.60%,16.50%,0.145,0.29,0.258,0.32,0.403,0.317,89,0.1,-89.2,-40.4,7.1
