Name,Team,G,PA,HR,R,RBI,SB,BB%,K%,ISO,BABIP,AVG,OBP,SLG,wOBA,wRC+,BsR,Off,Def,WAR,playerid
Aaron Judge,Yankees,155,678,52,128,114,9,18.70%,30.70%,0.343,0.357,0.284,0.422,0.627,0.43,172,0,60.5,-1.3,8.2,15640
Jose Altuve,Astros,153,662,24,112,81,32,8.80%,12.70%,0.202,0.37,0.346,0.41,0.547,0.405,160,4,53.2,0.8,7.6,5417
Giancarlo Stanton,Marlins,159,692,59,123,132,2,12.30%,23.60%,0.35,0.288,0.281,0.376,0.631,0.41,159,-2.3,49.8,1.1,7.3,4949
Mike Trout,Angels,114,507,33,92,72,22,18.50%,17.80%,0.323,0.318,0.306,0.442,0.629,0.437,181,4,54.9,-3.5,6.9,10155
Anthony Rendon,Nationals,147,605,25,81,100,7,13.90%,13.60%,0.232,0.314,0.301,0.403,0.533,0.394,141,1.5,33.6,14.3,6.7,12861
Kris Bryant,Cubs,151,665,29,111,73,7,14.30%,19.20%,0.242,0.334,0.295,0.409,0.537,0.399,146,4.8,44.5,1.1,6.7,15429
Jose Ramirez,Indians,152,645,29,107,83,17,8.10%,10.70%,0.265,0.319,0.318,0.374,0.583,0.396,146,0,37,6.6,6.5,13510
Charlie Blackmon,Rockies,159,725,37,137,104,14,9.00%,18.60%,0.27,0.371,0.331,0.399,0.601,0.414,141,2,40.6,1.4,6.5,7859
Joey Votto,Reds,162,707,36,106,100,5,19.00%,11.70%,0.258,0.321,0.32,0.454,0.578,0.428,164,-9.6,48.2,-5.9,6.5,4314
Tommy Pham,Cardinals,128,530,23,95,73,25,13.40%,22.10%,0.214,0.368,0.306,0.411,0.52,0.398,148,5.3,37.8,6.2,6.1,2967
Corey Seager,Dodgers,145,613,22,85,77,4,10.90%,21.40%,0.184,0.352,0.295,0.375,0.479,0.364,127,3.4,24.9,14.8,5.9,13624
Francisco Lindor,Indians,159,723,33,99,89,15,8.30%,12.90%,0.232,0.275,0.273,0.337,0.505,0.353,117,4.7,19.5,13.5,5.8,12916
Nolan Arenado,Rockies,159,680,37,100,130,3,9.10%,15.60%,0.277,0.32,0.309,0.373,0.586,0.395,129,0.5,25.7,9,5.7,9777
Tyler Flowers,Braves,99,370,12,41,49,0,8.40%,22.20%,0.164,0.342,0.281,0.378,0.445,0.358,118,0.3,8.9,35.2,5.6,9134
Justin Turner,Dodgers,130,543,21,72,71,7,10.90%,10.30%,0.208,0.326,0.322,0.415,0.53,0.4,151,2.1,37.5,-0.6,5.4,5235
Mookie Betts,Red Sox,153,712,24,101,102,26,10.80%,11.10%,0.194,0.268,0.264,0.344,0.459,0.339,106,9.2,14.9,14.3,5.3,13611
Paul Goldschmidt,Diamondbacks,155,665,36,117,120,18,14.10%,22.10%,0.265,0.343,0.297,0.404,0.563,0.4,142,3.3,39.4,-8.3,5.2,9218
Justin Upton,- - -,152,635,35,100,109,14,11.70%,28.30%,0.268,0.341,0.273,0.361,0.54,0.378,138,4.1,34,-3.2,5.2,5222
Carlos Correa,Astros,109,481,24,82,84,2,11.00%,19.10%,0.235,0.352,0.315,0.391,0.55,0.394,152,1.6,32.8,2.6,5.2,14162
Josh Donaldson,Blue Jays,113,496,33,65,78,2,15.30%,22.40%,0.289,0.289,0.27,0.385,0.559,0.396,151,2.4,33.4,1.2,5.1,5038
Andrelton Simmons,Angels,158,647,14,77,69,19,7.30%,10.40%,0.143,0.291,0.278,0.331,0.421,0.323,103,2,4.6,24.6,5.1,10847
Marcell Ozuna,Marlins,159,679,37,93,124,1,9.40%,21.20%,0.237,0.355,0.312,0.376,0.548,0.388,144,-5.2,33.1,-4.3,5.1,10324
Brian Dozier,Twins,152,705,34,106,93,16,11.10%,20.00%,0.227,0.3,0.271,0.359,0.498,0.362,125,3.7,25.2,0.9,5,9810
Zack Cozart,Reds,122,507,24,80,63,3,12.20%,15.40%,0.251,0.312,0.297,0.385,0.548,0.392,140,-1.5,24.6,8.9,5,2616
Bryce Harper,Nationals,111,492,29,95,87,4,13.80%,20.10%,0.276,0.356,0.319,0.413,0.595,0.416,155,-0.8,34.3,-2,4.8,11579
Chris Taylor,Dodgers,140,568,21,85,72,17,8.80%,25.00%,0.208,0.361,0.288,0.354,0.496,0.361,126,6.7,25.3,4.1,4.8,13757
Buster Posey,Giants,140,568,12,62,67,6,10.70%,11.60%,0.142,0.347,0.32,0.4,0.462,0.366,127,-1.8,18,11.2,4.8,9166
Christian Yelich,Marlins,156,695,18,100,81,16,11.50%,19.70%,0.156,0.336,0.282,0.369,0.439,0.348,118,6.8,22.5,1.4,4.6,11477
George Springer,Astros,140,629,34,112,85,5,10.20%,17.60%,0.239,0.297,0.283,0.367,0.522,0.376,140,-2.2,29.2,-4.6,4.6,12856
Yasmani Grandal,Dodgers,129,482,22,50,58,0,8.30%,27.00%,0.212,0.298,0.247,0.308,0.459,0.325,102,-4.3,-3.2,32.6,4.5,11368
Michael Conforto,Mets,109,440,27,72,68,2,13.00%,25.70%,0.276,0.328,0.279,0.384,0.555,0.392,147,2.9,29.7,0.2,4.4,16376
Daniel Murphy,Nationals,144,593,23,94,93,2,8.80%,13.00%,0.221,0.341,0.322,0.384,0.543,0.385,135,-2,24.7,0.1,4.4,4316
Freddie Freeman,Braves,117,514,28,84,71,8,12.60%,18.50%,0.28,0.335,0.307,0.403,0.586,0.407,150,0.8,33.8,-6.7,4.4,5361
Gary Sanchez,Yankees,122,525,33,79,90,2,7.60%,22.90%,0.253,0.304,0.278,0.345,0.531,0.368,129,-1.4,17.6,7.8,4.3,11442
Lorenzo Cain,Royals,155,645,15,86,49,26,8.40%,15.50%,0.14,0.34,0.3,0.363,0.44,0.347,115,3.5,15.4,5.2,4.3,9077
Jose Abreu,White Sox,156,675,33,95,102,3,5.20%,17.60%,0.248,0.33,0.304,0.354,0.552,0.377,139,-2,30.3,-11,4.2,15676
Avisail Garcia,White Sox,136,561,18,75,80,5,5.90%,19.80%,0.176,0.392,0.33,0.38,0.506,0.375,137,1.9,27.8,-5,4.2,5760
Eric Hosmer,Royals,162,671,25,98,94,6,9.80%,15.50%,0.179,0.351,0.318,0.385,0.498,0.376,135,1.9,31,-12.8,4.1,3516
Elvis Andrus,Rangers,158,689,20,100,88,25,5.50%,14.70%,0.174,0.325,0.297,0.337,0.471,0.344,107,4.4,10.1,7.2,4.1,8709
J.T. Realmuto,Marlins,141,579,17,68,65,8,6.20%,18.30%,0.173,0.318,0.278,0.332,0.451,0.332,107,1.6,6.9,15.2,4.1,11739
Anthony Rizzo,Cubs,157,691,32,99,109,10,13.20%,13.00%,0.234,0.273,0.273,0.392,0.507,0.38,134,-4.2,25.8,-7.8,4,3473
Didi Gregorius,Yankees,136,570,25,73,87,3,4.40%,12.30%,0.191,0.287,0.287,0.318,0.478,0.335,107,3.1,8,12.9,4,6012
Marwin Gonzalez,Astros,134,515,23,67,90,8,9.50%,19.20%,0.226,0.343,0.303,0.377,0.53,0.382,144,0.5,28.7,-6.1,4,5497
Cody Bellinger,Dodgers,132,548,39,87,97,10,11.70%,26.60%,0.315,0.299,0.267,0.352,0.581,0.38,138,2,28.7,-6.3,4,15998
Eugenio Suarez,Reds,156,632,26,87,82,4,13.30%,23.30%,0.2,0.309,0.26,0.367,0.461,0.356,116,-1.4,11.9,7,3.9,12552
Brett Gardner,Yankees,151,682,21,96,63,23,10.60%,17.90%,0.163,0.3,0.264,0.35,0.428,0.336,108,6,12.8,3.1,3.9,9927
Nelson Cruz,Mariners,155,645,39,91,119,1,10.90%,21.70%,0.261,0.315,0.288,0.375,0.549,0.385,147,-3.9,33.8,-16.7,3.9,2434
Mike Zunino,Mariners,124,435,25,52,64,1,9.00%,36.80%,0.258,0.355,0.251,0.331,0.509,0.355,127,-1.7,12.7,11.7,3.9,13265
Jonathan Schoop,Orioles,160,675,32,92,105,1,5.20%,21.00%,0.211,0.33,0.293,0.338,0.503,0.355,122,-2.1,15.8,-0.6,3.8,11265
J.D. Martinez,- - -,119,489,45,85,104,4,10.80%,26.20%,0.387,0.327,0.303,0.376,0.69,0.43,167,-5.8,35.6,-13.6,3.8,6184
Steven Souza Jr.,Rays,148,617,30,78,78,16,13.60%,29.00%,0.22,0.302,0.239,0.351,0.459,0.348,120,3.6,18.9,-2.7,3.7,5667
Andrew McCutchen,Pirates,156,650,28,94,88,11,11.20%,17.80%,0.207,0.305,0.279,0.363,0.486,0.36,123,1.1,20,-4.2,3.7,9847
Austin Barnes,Dodgers,102,262,8,35,38,4,14.90%,16.40%,0.197,0.329,0.289,0.408,0.486,0.386,142,-1.3,12.7,15.6,3.7,12158
Dee Gordon,Marlins,158,695,2,114,33,60,3.60%,13.40%,0.067,0.354,0.308,0.341,0.375,0.312,94,9.3,4.2,9.8,3.6,8203
Kyle Seager,Mariners,154,650,27,72,88,2,8.90%,16.90%,0.201,0.262,0.249,0.323,0.45,0.326,107,-0.9,5.1,9.1,3.6,9785
Justin Smoak,Blue Jays,158,637,38,85,90,0,11.50%,20.10%,0.259,0.285,0.27,0.355,0.529,0.371,133,-3.1,23,-8.4,3.6,9054
Jed Lowrie,Athletics,153,645,14,86,69,0,11.30%,15.50%,0.171,0.314,0.277,0.36,0.448,0.347,119,-1.3,13.8,-0.1,3.6,4418
Alex Bregman,Astros,155,626,19,88,71,17,8.80%,15.50%,0.191,0.311,0.284,0.352,0.475,0.351,123,0.3,18.2,-4.4,3.5,17678
Byron Buxton,Twins,140,511,16,69,51,29,7.40%,29.40%,0.16,0.339,0.253,0.314,0.413,0.312,90,11.8,5.7,12,3.5,14161
Travis Shaw,Brewers,144,606,31,84,101,10,9.90%,22.80%,0.24,0.312,0.273,0.349,0.513,0.361,120,-1.8,13.7,1.6,3.5,11982
Josh Reddick,Astros,134,540,13,77,82,7,8.00%,13.30%,0.17,0.339,0.314,0.363,0.484,0.357,128,3.3,21.7,-5.8,3.4,3892
Tim Beckham,- - -,137,575,22,67,62,6,6.30%,29.00%,0.176,0.365,0.278,0.328,0.454,0.334,109,0.6,7,7.6,3.4,7949
Martin Maldonado,Angels,138,471,14,43,38,0,3.20%,25.30%,0.147,0.273,0.221,0.276,0.368,0.279,73,-2.7,-18.2,36.2,3.4,6887
Cesar Hernandez,Phillies,128,577,9,85,34,15,10.60%,18.00%,0.127,0.353,0.294,0.373,0.421,0.346,112,0.8,9.7,5.3,3.4,10556
Aaron Hicks,Yankees,88,361,15,54,52,10,14.10%,18.60%,0.209,0.29,0.266,0.372,0.475,0.363,126,2.6,14.3,6.4,3.3,5297
Domingo Santana,Brewers,151,607,30,88,85,15,12.00%,29.30%,0.227,0.363,0.278,0.371,0.505,0.372,127,3.2,24.3,-11.1,3.3,10348
Ryan Zimmerman,Nationals,144,576,36,90,108,1,7.60%,21.90%,0.269,0.335,0.303,0.358,0.573,0.387,137,1.9,29.2,-15,3.3,4220
Kevin Kiermaier,Rays,98,421,15,56,39,16,7.40%,23.50%,0.174,0.337,0.276,0.338,0.45,0.337,112,5.3,11.6,6.4,3.2,11038
Logan Morrison,Rays,149,601,38,75,85,2,13.50%,24.80%,0.27,0.268,0.246,0.353,0.516,0.363,130,0,22.3,-11,3.2,9205
Robinson Cano,Mariners,150,648,23,79,97,1,7.60%,13.10%,0.172,0.294,0.28,0.338,0.453,0.334,113,-3,7.3,2.4,3.2,3269
Xander Bogaerts,Red Sox,148,635,10,94,62,15,8.80%,18.30%,0.13,0.327,0.273,0.343,0.403,0.321,95,8.3,4,6,3.2,12161
Michael A. Taylor,Nationals,118,432,19,55,53,17,6.70%,31.70%,0.216,0.363,0.271,0.32,0.486,0.338,104,3.1,5.5,11.9,3.1,11489
Todd Frazier,- - -,147,576,27,74,76,4,14.40%,21.70%,0.215,0.226,0.213,0.344,0.428,0.335,108,-2,3.9,7.4,3.1,785
Matt Carpenter,Cardinals,145,622,23,91,69,2,17.50%,20.10%,0.209,0.274,0.241,0.384,0.451,0.361,123,0.4,18.9,-8.2,3.1,8090
Paul DeJong,Cardinals,108,443,25,55,65,1,4.70%,28.00%,0.247,0.349,0.285,0.325,0.532,0.359,122,-2.4,10,5.7,3,18015
Jean Segura,Mariners,125,566,11,80,45,22,6.00%,14.70%,0.128,0.339,0.3,0.349,0.427,0.334,113,-0.5,8.3,1.9,2.9,5933
Adrian Beltre,Rangers,94,389,17,47,71,1,10.00%,13.40%,0.221,0.321,0.312,0.383,0.532,0.384,135,-3.9,12.7,3.5,2.9,639
Odubel Herrera,Phillies,138,563,14,67,56,8,5.50%,22.40%,0.171,0.345,0.281,0.325,0.452,0.329,101,1,1.5,9.6,2.9,11476
Yadier Molina,Cardinals,136,543,18,60,82,9,5.20%,13.60%,0.166,0.285,0.273,0.312,0.439,0.316,93,-5.1,-9.7,21.3,2.9,7007
Yasiel Puig,Dodgers,152,570,28,72,74,15,11.20%,17.50%,0.224,0.274,0.263,0.346,0.487,0.349,117,-7.6,5,5.6,2.9,14225
Christian Vazquez,Red Sox,99,345,5,43,32,7,4.90%,18.60%,0.114,0.348,0.29,0.33,0.404,0.318,92,-2.4,-5.8,22.9,2.9,9774
Carlos Santana,Indians,154,667,23,90,79,5,13.20%,14.10%,0.196,0.274,0.259,0.363,0.455,0.35,115,0.8,13,-7,2.9,2396
Ender Inciarte,Braves,158,718,11,93,57,22,6.80%,13.10%,0.106,0.339,0.304,0.35,0.409,0.328,98,2.3,0.3,5.2,2.9,4922
Welington Castillo,Orioles,96,365,20,44,53,0,6.00%,26.60%,0.208,0.336,0.282,0.323,0.49,0.344,114,-2.3,3.9,12.4,2.9,3256
Whit Merrifield,Royals,145,630,19,80,78,34,4.60%,14.00%,0.172,0.308,0.288,0.324,0.46,0.332,105,4.4,8.4,-1.4,2.9,11281
Trea Turner,Nationals,98,447,11,75,45,46,6.70%,17.90%,0.167,0.329,0.284,0.338,0.451,0.338,104,7.8,10.3,3.4,2.8,16252
Joey Gallo,Rangers,145,532,41,85,80,7,14.10%,36.80%,0.327,0.25,0.209,0.333,0.537,0.364,121,4.6,18.1,-8.4,2.8,14128
Matt Chapman,Athletics,84,326,14,39,40,0,9.80%,28.20%,0.238,0.29,0.234,0.313,0.472,0.332,109,2,5.5,10.6,2.7,16505
Austin Hedges,Padres,120,417,18,36,55,4,5.50%,29.30%,0.183,0.26,0.214,0.262,0.398,0.278,69,-1,-17.4,30.6,2.7,12976
Matt Joyce,Athletics,141,544,25,78,68,4,12.10%,20.80%,0.23,0.263,0.243,0.335,0.473,0.343,116,1.7,12.4,-4.5,2.7,3353
Ian Kinsler,Tigers,139,613,22,90,52,14,9.00%,14.00%,0.176,0.244,0.236,0.313,0.412,0.313,93,1.5,-4,9.4,2.6,6195
Josh Harrison,Pirates,128,542,16,66,47,12,5.20%,16.60%,0.16,0.303,0.272,0.339,0.432,0.332,104,2.2,5,3.8,2.6,8202
Jay Bruce,- - -,146,617,36,82,101,1,9.20%,22.50%,0.254,0.274,0.254,0.324,0.508,0.35,118,-2.1,12.4,-6.8,2.6,9892
Corey Dickerson,Rays,150,629,27,84,62,4,5.60%,24.20%,0.207,0.338,0.282,0.325,0.49,0.341,115,-0.1,11.6,-7.4,2.6,10762
Manny Machado,Orioles,156,690,33,81,95,9,7.20%,16.70%,0.213,0.265,0.259,0.31,0.471,0.328,103,-5,-2.5,4.7,2.6,11493
Chris Iannetta,Diamondbacks,89,316,17,38,43,0,11.70%,27.50%,0.257,0.308,0.254,0.354,0.511,0.367,120,-2.6,5.6,9.4,2.5,8267
Dexter Fowler,Cardinals,118,491,18,68,64,7,12.80%,20.60%,0.224,0.305,0.264,0.363,0.488,0.358,121,1.9,15.2,-5.9,2.5,4062
Mitch Haniger,Mariners,96,410,16,58,47,5,7.60%,22.70%,0.209,0.338,0.282,0.352,0.491,0.36,130,-2.5,12.7,-1.5,2.5,14274
Brian McCann,Astros,97,399,18,47,62,1,9.50%,14.50%,0.195,0.237,0.241,0.323,0.436,0.323,104,-1.8,0.1,11.4,2.5,4810
Eddie Rosario,Twins,151,589,27,79,78,9,5.90%,18.00%,0.218,0.312,0.29,0.328,0.507,0.349,116,-0.5,11.3,-6.4,2.5,12155
Jedd Gyorko,Cardinals,125,481,20,52,67,6,9.80%,21.80%,0.2,0.312,0.272,0.341,0.472,0.344,112,-2.5,5.1,4.3,2.5,10816
Jake Lamb,Diamondbacks,149,635,30,89,105,6,13.70%,23.90%,0.239,0.287,0.248,0.357,0.487,0.353,111,0.8,9.7,-5.4,2.5,13329
Khris Davis,Athletics,153,652,43,91,110,4,11.20%,29.90%,0.281,0.29,0.247,0.336,0.528,0.361,129,-1.3,21.7,-19.3,2.5,9112
Evan Longoria,Rays,156,677,20,71,86,6,6.80%,16.10%,0.163,0.282,0.261,0.313,0.424,0.312,96,1.4,-2.2,3.3,2.4,9368
Yonder Alonso,- - -,142,521,28,72,67,2,13.10%,22.60%,0.235,0.302,0.266,0.365,0.501,0.366,133,-2.5,18.4,-11.9,2.4,2530
Justin Bour,Marlins,108,429,25,52,83,1,11.00%,22.10%,0.247,0.322,0.289,0.366,0.536,0.374,135,-4.5,14.8,-5,2.4,9744
Willson Contreras,Cubs,117,428,21,50,74,5,10.50%,22.90%,0.223,0.319,0.276,0.356,0.499,0.362,122,-6,6.1,3.7,2.4,11609
Javier Baez,Cubs,145,508,23,75,75,10,5.90%,28.30%,0.207,0.345,0.273,0.317,0.48,0.326,98,3.8,2.6,4.5,2.4,12979
Miguel Sano,Twins,114,483,28,75,77,0,11.20%,35.80%,0.243,0.375,0.264,0.352,0.507,0.361,124,-4.2,10.2,-3.2,2.4,12164
Kurt Suzuki,Braves,81,309,19,38,50,0,5.50%,12.60%,0.254,0.268,0.283,0.351,0.536,0.372,127,-1,9.7,3.6,2.3,8259
Edwin Encarnacion,Indians,157,669,38,96,107,2,15.50%,19.90%,0.245,0.271,0.258,0.377,0.504,0.373,130,-8.3,16.8,-16.6,2.3,2151
Brandon Belt,Giants,104,451,18,63,51,3,14.60%,23.10%,0.228,0.284,0.241,0.355,0.469,0.352,118,-0.8,9.7,-1.7,2.3,10264
Joe Mauer,Twins,141,597,7,69,71,2,11.10%,13.90%,0.112,0.349,0.305,0.384,0.417,0.349,116,-6.3,5.4,-3.4,2.2,1857
Neil Walker,- - -,111,448,14,59,49,0,12.30%,17.20%,0.174,0.297,0.265,0.362,0.439,0.346,115,-0.6,8,-0.1,2.2,7539
Kole Calhoun,Angels,155,654,19,77,71,5,10.90%,20.50%,0.148,0.284,0.244,0.333,0.392,0.315,98,-0.5,-2.2,2,2.2,11200
Scooter Gennett,Reds,141,497,27,80,97,3,6.00%,22.90%,0.236,0.339,0.295,0.342,0.531,0.367,123,-2.3,12.5,-6.4,2.2,10339
Yolmer Sanchez,White Sox,141,534,12,63,59,8,6.60%,20.80%,0.147,0.321,0.267,0.319,0.413,0.313,95,-1.3,-4.8,8.5,2.2,11602
Delino DeShields,Rangers,120,440,6,75,22,29,10.00%,24.80%,0.098,0.358,0.269,0.347,0.367,0.315,87,9.2,2.3,4.6,2.2,11379
Rhys Hoskins,Phillies,50,212,18,37,48,2,17.50%,21.70%,0.359,0.241,0.259,0.396,0.618,0.417,159,1.9,17.9,-2.8,2.2,16472
A.J. Pollock,Diamondbacks,112,466,14,73,49,20,7.50%,15.20%,0.205,0.291,0.266,0.33,0.471,0.34,103,2.6,4.2,2.6,2.2,9256
Russell Martin,Blue Jays,91,365,13,49,35,1,13.70%,22.70%,0.166,0.261,0.221,0.343,0.388,0.324,101,-1.3,-0.8,10.2,2.2,4616
Jarrod Dyson,Mariners,111,390,5,56,30,28,7.20%,14.10%,0.098,0.285,0.251,0.324,0.35,0.296,87,5.6,-0.8,9.2,2.2,4866
Jackie Bradley Jr.,Red Sox,133,541,17,58,63,8,8.90%,22.90%,0.158,0.294,0.245,0.323,0.402,0.313,89,5,-2.6,5.8,2.2,12984
Curtis Granderson,- - -,147,527,26,74,64,6,13.50%,23.30%,0.241,0.228,0.212,0.323,0.452,0.33,106,2.9,7.1,-2.7,2.1,4747
Kolten Wong,Cardinals,108,411,4,55,42,8,10.00%,14.60%,0.127,0.331,0.285,0.376,0.412,0.336,107,3.7,7.3,0.6,2.1,12532
Eric Thames,Brewers,138,551,31,83,63,4,13.60%,29.60%,0.271,0.309,0.247,0.359,0.518,0.369,125,-1.6,16.2,-12.9,2.1,3711
Eduardo Nunez,- - -,114,491,12,60,58,24,3.70%,11.00%,0.148,0.333,0.313,0.341,0.46,0.342,111,2.1,8.8,-3.8,2.1,6848
Matt Olson,Athletics,59,216,24,33,45,0,10.20%,27.80%,0.392,0.238,0.259,0.352,0.651,0.411,163,-1.8,14.9,-1.3,2.1,14344
Brandon Crawford,Giants,144,570,14,58,77,3,7.40%,19.80%,0.151,0.293,0.253,0.305,0.403,0.301,85,-1.6,-12.6,15,2.1,5343
Mike Moustakas,Royals,148,598,38,75,85,0,5.70%,15.70%,0.249,0.263,0.272,0.314,0.521,0.345,114,-5.4,4.7,-4.4,2.1,4892
Andrew Benintendi,Red Sox,151,658,20,84,90,20,10.60%,17.00%,0.154,0.301,0.271,0.352,0.424,0.332,102,1.4,2.9,-5.1,2,17901
Jose Pirela,Padres,83,344,10,43,40,4,7.80%,20.60%,0.202,0.343,0.288,0.347,0.49,0.355,120,0.2,9.1,0.1,2,5485
Jose Reyes,Mets,145,561,15,75,58,24,8.90%,14.10%,0.168,0.263,0.246,0.315,0.413,0.312,95,5.4,1.9,-0.4,2,1736
Kevin Pillar,Blue Jays,154,632,16,72,42,15,5.20%,15.00%,0.148,0.28,0.256,0.3,0.404,0.302,86,1,-9.6,7.7,2,12434
Joe Panik,Giants,138,573,10,60,53,4,8.00%,9.40%,0.133,0.301,0.288,0.347,0.421,0.329,103,-2.1,0,0.9,1.9,11936
Carlos Gomez,Rangers,105,426,17,51,51,13,7.30%,29.80%,0.207,0.336,0.255,0.34,0.462,0.343,107,2.1,5.6,-0.8,1.9,4881
Manuel Margot,Padres,126,529,13,53,39,17,6.60%,20.00%,0.146,0.309,0.263,0.313,0.409,0.309,90,1,-5.6,7.8,1.9,14712
Chase Headley,Yankees,147,586,12,77,61,9,10.20%,22.50%,0.133,0.341,0.273,0.352,0.406,0.329,103,1.2,3.5,-4.6,1.9,4720
DJ LeMahieu,Rockies,155,682,8,95,64,6,8.70%,13.20%,0.099,0.351,0.31,0.374,0.409,0.342,94,-4.5,-9.9,6.7,1.9,9874
Ian Happ,Cubs,115,413,24,62,68,8,9.40%,31.20%,0.261,0.316,0.253,0.328,0.514,0.349,114,-2.6,4.6,0.9,1.9,17919
Dustin Pedroia,Red Sox,105,463,7,46,62,4,10.60%,10.40%,0.099,0.315,0.293,0.369,0.392,0.331,101,-4.7,-4,6.9,1.9,8370
Manny Pina,Brewers,107,359,9,45,43,2,5.60%,22.00%,0.145,0.339,0.279,0.327,0.424,0.323,95,-1.4,-3.8,11,1.9,2829
David Freese,Pirates,130,503,10,44,52,0,11.50%,23.10%,0.108,0.336,0.263,0.368,0.371,0.326,100,-4.2,-4,6.2,1.9,9549
David Peralta,Diamondbacks,140,577,14,82,57,8,7.50%,16.30%,0.15,0.333,0.293,0.352,0.444,0.342,104,1.2,4,-4.3,1.8,2136
Ozzie Albies,Braves,57,244,6,34,28,8,8.60%,14.80%,0.171,0.316,0.286,0.354,0.456,0.347,111,2.7,6,4.5,1.8,16556
Logan Forsythe,Dodgers,119,439,6,56,36,3,15.70%,24.80%,0.102,0.299,0.224,0.351,0.327,0.307,90,0.8,-4.9,9,1.8,7185
Austin Jackson,Indians,85,318,7,46,35,3,10.40%,20.10%,0.164,0.385,0.318,0.387,0.482,0.371,129,0.4,11.9,-4.5,1.8,9848
Starlin Castro,Yankees,112,473,16,66,63,2,4.90%,19.70%,0.153,0.347,0.3,0.338,0.454,0.338,109,1.3,6.6,-4.5,1.8,4579
Ben Gamel,Mariners,134,550,11,68,59,4,6.50%,22.20%,0.138,0.34,0.275,0.322,0.413,0.315,100,3.4,3.4,-4.1,1.8,12160
Jon Jay,Cubs,141,433,2,65,34,6,8.50%,18.50%,0.079,0.368,0.296,0.374,0.375,0.33,101,2.8,3.5,0.2,1.8,5227
Yuli Gurriel,Astros,139,564,18,69,75,3,3.90%,11.00%,0.187,0.308,0.299,0.332,0.486,0.344,119,0.8,14,-15.8,1.8,19198
Jose Iglesias,Tigers,130,489,6,56,54,7,4.30%,13.30%,0.114,0.285,0.255,0.288,0.369,0.283,73,2.6,-13.8,14.4,1.7,10231
Trey Mancini,Orioles,147,586,24,65,78,1,5.60%,23.70%,0.195,0.352,0.293,0.338,0.488,0.349,118,-0.3,12.5,-15.3,1.7,15149
Yan Gomes,Indians,105,383,14,43,56,0,8.10%,25.80%,0.167,0.283,0.232,0.309,0.399,0.307,85,0.2,-6.8,11,1.7,9627
Adam Jones,Orioles,147,635,26,82,73,2,4.30%,17.80%,0.181,0.312,0.285,0.322,0.466,0.334,107,1.3,7,-11.4,1.7,6368
Marcus Semien,Athletics,85,386,10,53,40,12,9.80%,22.00%,0.149,0.3,0.249,0.325,0.398,0.314,96,5,3.2,0.3,1.7,12533
Howie Kendrick,- - -,91,334,9,40,41,12,6.60%,20.40%,0.161,0.378,0.315,0.368,0.475,0.361,121,-1,8,-2,1.7,4229
Jason Castro,Twins,110,407,10,49,47,0,11.10%,26.50%,0.146,0.318,0.242,0.333,0.388,0.315,93,-2.4,-6,8.7,1.7,8722
Eduardo Escobar,Twins,129,499,21,62,73,5,6.60%,19.60%,0.195,0.279,0.254,0.309,0.449,0.32,96,3.1,0.6,-1.1,1.7,6153
Mikie Mahtook,Tigers,109,379,12,50,38,6,6.10%,20.80%,0.181,0.324,0.276,0.33,0.457,0.335,108,3.2,7.1,-3.5,1.6,13130
Yoenis Cespedes,Mets,81,321,17,46,42,0,8.10%,19.00%,0.247,0.316,0.292,0.352,0.54,0.369,132,-0.8,12.6,-6.6,1.6,13110
Kyle Schwarber,Cubs,129,486,30,67,59,1,12.10%,30.90%,0.256,0.244,0.211,0.315,0.467,0.333,103,-0.4,1.3,-0.7,1.6,16478
Freddy Galvis,Phillies,162,663,12,71,61,14,6.80%,16.70%,0.127,0.292,0.255,0.309,0.382,0.298,80,0.9,-15.9,10.5,1.6,6609
Adam Duvall,Reds,157,647,31,78,99,5,6.00%,26.30%,0.232,0.29,0.249,0.301,0.48,0.327,97,-0.3,-2.9,-2.1,1.6,10950
Travis d'Arnaud,Mets,112,376,16,39,57,0,6.10%,15.70%,0.198,0.25,0.244,0.293,0.443,0.308,92,-2.1,-5.8,9.6,1.6,7739
Caleb Joseph,Orioles,89,266,8,31,28,0,3.80%,27.10%,0.157,0.328,0.256,0.287,0.413,0.299,83,-0.3,-5.9,12.6,1.6,7087
Nicholas Castellanos,Tigers,157,665,26,73,101,4,6.20%,21.40%,0.218,0.313,0.272,0.32,0.49,0.341,112,-2.1,7.9,-15,1.6,11737
Bradley Zimmer,Indians,101,332,8,41,39,18,7.80%,29.80%,0.144,0.328,0.241,0.307,0.385,0.299,80,6.7,-1.7,6.1,1.6,16221
Brandon Phillips,- - -,144,604,13,81,60,11,3.50%,12.10%,0.131,0.308,0.285,0.319,0.416,0.316,91,-2.3,-9,4.9,1.6,791
Jose Martinez,Cardinals,106,307,14,47,46,4,10.40%,19.50%,0.21,0.35,0.309,0.379,0.518,0.379,135,0.2,14,-8.3,1.6,7996
Roberto Perez,Indians,73,248,8,22,38,0,10.50%,28.60%,0.166,0.266,0.207,0.291,0.373,0.289,73,-1.5,-9.7,16.8,1.6,2900
Ryan Braun,Brewers,104,425,17,58,52,12,8.90%,17.90%,0.218,0.292,0.268,0.336,0.487,0.347,110,-0.3,5.4,-3.6,1.6,3410
Jorge Polanco,Twins,133,544,13,60,74,13,7.50%,14.30%,0.154,0.278,0.256,0.313,0.41,0.309,89,3.7,-3.9,0.8,1.6,13152
Robinson Chirinos,Rangers,88,309,17,46,38,1,11.00%,25.60%,0.251,0.298,0.255,0.36,0.506,0.369,124,-2.1,7.1,-2,1.6,3142
Jacoby Ellsbury,Yankees,112,409,7,65,39,22,10.00%,15.40%,0.138,0.304,0.264,0.348,0.402,0.326,101,4.7,5,-3.5,1.6,4727
Juan Lagares,Mets,94,272,3,37,15,7,5.10%,20.60%,0.115,0.309,0.25,0.296,0.365,0.287,78,2.7,-4.9,11.4,1.5,5384
Jordy Mercer,Pirates,145,558,14,52,58,0,9.10%,15.80%,0.151,0.284,0.255,0.326,0.406,0.308,89,-0.9,-9,6,1.5,6547
Alex Avila,- - -,112,376,14,41,49,0,16.50%,31.90%,0.183,0.382,0.264,0.387,0.447,0.362,125,-2.6,9.2,-6.9,1.5,7476
Michael Brantley,Indians,90,375,9,47,52,11,8.30%,13.30%,0.145,0.325,0.299,0.357,0.444,0.342,109,4.1,8.3,-6.2,1.5,4106
Addison Russell,Cubs,110,385,12,52,43,2,7.50%,23.60%,0.179,0.289,0.239,0.304,0.418,0.305,85,1,-6.6,9,1.5,14106
Derek Dietrich,Marlins,135,464,13,56,53,0,7.80%,21.10%,0.175,0.294,0.249,0.334,0.424,0.324,102,1.5,2.5,-2.7,1.5,10542
Aaron Altherr,Phillies,107,412,19,58,65,5,7.80%,25.20%,0.245,0.328,0.272,0.34,0.516,0.359,121,-1.9,9,-7.9,1.4,11270
Jake Marisnick,Astros,106,259,16,50,35,9,7.70%,34.70%,0.252,0.32,0.243,0.319,0.496,0.343,118,3,8.7,-3.3,1.4,11339
Miguel Rojas,Marlins,90,306,1,37,26,2,8.80%,10.50%,0.085,0.324,0.29,0.361,0.375,0.318,98,-0.1,-0.8,5.1,1.4,7802
Evan Gattis,Astros,84,325,12,41,55,0,5.50%,15.40%,0.193,0.278,0.263,0.311,0.457,0.325,106,-3.1,-0.8,3.8,1.4,11003
Rene Rivera,- - -,74,237,10,23,35,0,5.90%,29.50%,0.179,0.324,0.252,0.305,0.431,0.31,92,-2.9,-5.2,11.6,1.4,3648
Randal Grichuk,Cardinals,122,442,22,53,59,6,5.90%,30.10%,0.235,0.293,0.238,0.285,0.473,0.315,93,3,-0.8,0.4,1.4,10243
Max Kepler,Twins,147,568,19,67,69,6,8.30%,20.10%,0.182,0.276,0.243,0.312,0.425,0.315,93,3.1,-2.1,-3.4,1.4,12144
Starling Marte,Pirates,77,339,7,48,31,21,5.90%,18.60%,0.104,0.324,0.275,0.333,0.379,0.312,91,2.8,-1.2,4.1,1.4,9241
Asdrubal Cabrera,Mets,135,540,14,66,59,3,9.30%,15.40%,0.154,0.31,0.28,0.351,0.434,0.338,112,-8.9,-0.6,-3.1,1.4,4962
Adeiny Hechavarria,- - -,97,348,8,37,30,4,3.70%,19.30%,0.145,0.304,0.261,0.289,0.406,0.295,83,0.6,-6.7,8.7,1.4,10459
Orlando Arcia,Brewers,153,548,15,56,53,14,6.60%,18.20%,0.13,0.317,0.277,0.324,0.407,0.309,86,0.5,-9.3,5.2,1.4,13185
Lonnie Chisenhall,Indians,82,270,12,34,53,2,9.30%,20.40%,0.233,0.326,0.288,0.36,0.521,0.369,127,0,9.1,-4.7,1.4,7571
Enrique Hernandez,Dodgers,140,342,11,46,37,3,12.00%,23.40%,0.205,0.254,0.215,0.308,0.421,0.31,92,3.3,-0.2,2.6,1.3,10472
Trevor Story,Rockies,145,555,24,68,82,7,8.80%,34.40%,0.219,0.332,0.239,0.308,0.457,0.323,81,1,-12.5,7.8,1.3,12564
Cameron Maybin,- - -,114,450,10,63,35,33,11.30%,20.90%,0.137,0.274,0.228,0.318,0.365,0.3,88,4.5,-2.1,-0.9,1.2,5223
Billy Hamilton,Reds,139,633,4,85,38,59,7.00%,21.00%,0.088,0.313,0.247,0.299,0.335,0.278,65,9.4,-19.1,10.7,1.2,10199
Brandon Nimmo,Mets,69,215,5,26,21,2,15.30%,27.90%,0.158,0.36,0.26,0.379,0.418,0.348,118,0.5,5.6,-0.5,1.2,12927
Matt Adams,- - -,131,367,20,46,65,0,6.30%,24.00%,0.248,0.311,0.274,0.319,0.522,0.346,111,0.7,5.7,-5.6,1.2,9393
Chris Gimenez,Twins,77,225,7,28,16,1,14.70%,26.70%,0.161,0.286,0.22,0.35,0.382,0.326,100,-0.5,-0.5,4.6,1.2,7324
Lucas Duda,- - -,127,491,30,50,64,0,12.20%,27.50%,0.279,0.238,0.217,0.322,0.496,0.341,114,-4,5,-9.7,1.2,2502
Leury Garcia,White Sox,87,326,9,41,33,8,4.00%,21.20%,0.153,0.321,0.27,0.316,0.423,0.317,98,-0.6,-1.6,2,1.2,5913
Colby Rasmus,Rays,37,129,9,17,23,1,5.40%,34.90%,0.298,0.368,0.281,0.318,0.579,0.365,132,0.6,5.7,1.4,1.1,9893
Albert Almora Jr.,Cubs,132,323,8,39,46,1,5.90%,16.40%,0.147,0.338,0.298,0.338,0.445,0.334,103,-1.8,-0.4,1.3,1.1,14109
Denard Span,Giants,129,542,12,73,43,12,7.40%,12.70%,0.155,0.295,0.272,0.329,0.427,0.325,101,-0.7,-0.3,-6.1,1.1,8347
Eric Sogard,Brewers,94,299,3,37,18,3,15.10%,12.40%,0.104,0.311,0.273,0.393,0.378,0.343,108,-2.4,0.8,0.7,1.1,7927
Chase Utley,Dodgers,127,353,8,43,34,6,9.10%,16.10%,0.168,0.264,0.236,0.324,0.405,0.316,96,2.4,0.6,-0.9,1.1,1679
Scott Schebler,Reds,141,531,30,63,67,5,7.30%,23.50%,0.252,0.248,0.233,0.307,0.484,0.33,99,0.7,0,-6.1,1.1,12225
Yoan Moncada,White Sox,54,231,8,31,22,3,12.60%,32.00%,0.181,0.325,0.231,0.338,0.412,0.327,105,1.7,3,0.2,1.1,17232
Jesus Sucre,Rays,63,192,7,20,29,2,3.60%,18.20%,0.153,0.275,0.256,0.289,0.409,0.296,85,-0.6,-4.2,8.7,1.1,5942
Johan Camargo,Braves,82,256,4,30,27,0,4.70%,19.90%,0.154,0.364,0.299,0.331,0.452,0.33,100,0.5,0.4,2.4,1.1,14950
Cory Spangenberg,Padres,129,486,13,57,46,11,7.00%,26.30%,0.137,0.342,0.264,0.322,0.401,0.313,93,5.1,0.5,-5.2,1.1,12294
Daniel Nava,Phillies,80,214,4,21,21,1,12.10%,17.80%,0.12,0.357,0.301,0.393,0.421,0.357,119,-0.3,5,-1.3,1.1,5450
Brandon Drury,Diamondbacks,135,480,13,41,63,1,5.80%,21.50%,0.18,0.32,0.267,0.317,0.447,0.325,92,-0.4,-5.1,0.1,1.1,11615
Nicky Delmonico,White Sox,43,166,9,25,23,2,13.90%,18.70%,0.22,0.277,0.262,0.373,0.482,0.369,133,-0.5,6.2,-1.4,1,13157
Jason Heyward,Cubs,126,481,11,59,59,4,8.50%,13.90%,0.13,0.284,0.259,0.326,0.389,0.311,88,-0.8,-7.9,2.8,1,4940
Jesus Aguilar,Brewers,133,311,16,40,52,0,8.00%,30.20%,0.24,0.337,0.265,0.331,0.505,0.351,113,-0.3,5,-4.8,1,11342
Jorge Bonifacio,Royals,113,422,17,55,40,1,8.30%,28.00%,0.177,0.324,0.255,0.32,0.432,0.323,99,0.2,-0.3,-3.9,1,12174
Adam Frazier,Pirates,121,454,6,55,53,9,7.90%,12.60%,0.123,0.306,0.276,0.344,0.399,0.322,98,2.7,1.3,-5.9,1,15223
Adam Lind,Nationals,116,301,14,39,59,1,9.30%,15.60%,0.21,0.316,0.303,0.362,0.513,0.363,121,-1.3,6.7,-6.6,1,8027
Ehire Adrianza,Twins,70,186,2,30,24,8,8.60%,13.40%,0.117,0.291,0.265,0.324,0.383,0.302,84,3.6,-0.2,3.4,1,8418
Luis Valbuena,Angels,117,401,22,42,65,0,12.00%,26.40%,0.233,0.21,0.199,0.294,0.432,0.308,94,-2.5,-5.7,1.5,1,4969
Wilmer Flores,Mets,110,362,18,42,52,1,4.70%,14.90%,0.217,0.27,0.271,0.307,0.488,0.331,108,-2.6,0.9,-3.2,0.9,5827
Wilmer Difo,Nationals,124,365,5,47,21,10,6.60%,20.30%,0.099,0.332,0.271,0.319,0.37,0.293,75,3.4,-8.2,5.6,0.9,14320
Mitch Moreland,Red Sox,149,576,22,73,79,0,9.90%,20.80%,0.197,0.278,0.246,0.326,0.443,0.326,97,-2.4,-4.3,-6.4,0.9,3086
Wil Myers,Padres,155,649,30,80,74,20,10.80%,27.70%,0.22,0.297,0.243,0.328,0.464,0.335,107,0.6,6.5,-18.9,0.9,10047
Salvador Perez,Royals,129,499,27,57,80,1,3.40%,19.00%,0.227,0.28,0.268,0.297,0.495,0.329,103,-3.6,-1.9,-6.5,0.9,7304
Mallex Smith,Rays,81,282,2,33,12,16,8.20%,22.00%,0.086,0.347,0.27,0.329,0.355,0.301,88,3.2,-1.1,0.1,0.9,13608
Omar Narvaez,White Sox,90,295,2,23,14,0,12.90%,15.30%,0.063,0.33,0.277,0.373,0.34,0.321,100,-0.9,-0.8,-0.7,0.9,13338
Greg Garcia,Cardinals,133,290,2,27,20,2,12.80%,22.10%,0.079,0.335,0.253,0.365,0.332,0.317,94,1.2,-1,-0.2,0.8,10951
Yangervis Solarte,Padres,128,512,18,49,64,3,7.20%,11.90%,0.161,0.258,0.255,0.314,0.416,0.311,91,-3.1,-8.7,0.3,0.8,5352
Mark Reynolds,Rockies,148,593,30,82,97,2,11.60%,29.50%,0.219,0.343,0.267,0.352,0.487,0.357,104,-2.7,0.4,-11.6,0.8,7619
T.J. Rivera,Mets,73,231,5,27,27,1,3.90%,13.90%,0.14,0.318,0.29,0.33,0.43,0.326,104,1.1,2.3,-1.7,0.8,12495
Gerardo Parra,Rockies,115,425,10,56,71,2,4.70%,15.80%,0.143,0.343,0.309,0.341,0.452,0.337,90,-4.3,-9.5,3.7,0.8,8553
Tommy La Stella,Cubs,73,151,5,18,22,0,13.20%,11.90%,0.184,0.298,0.288,0.389,0.472,0.368,126,0.1,5.2,-2.3,0.8,12371
Sandy Leon,Red Sox,85,301,7,32,39,0,8.30%,24.60%,0.129,0.28,0.225,0.29,0.354,0.279,66,-3.7,-16.4,13.8,0.8,5273
Rafael Devers,Red Sox,58,240,10,34,30,3,7.50%,23.80%,0.198,0.342,0.284,0.338,0.482,0.344,110,0.2,3.3,-3.8,0.8,17350
Eric Young Jr.,Angels,47,125,4,24,16,12,4.00%,24.80%,0.155,0.333,0.264,0.336,0.418,0.329,108,2.3,3.5,-0.2,0.8,7158
Ketel Marte,Diamondbacks,73,255,5,30,18,3,11.40%,14.50%,0.135,0.29,0.26,0.345,0.395,0.319,89,1.1,-2.6,1.8,0.7,13613
Yunel Escobar,Angels,89,381,7,43,31,1,7.60%,13.40%,0.123,0.305,0.274,0.333,0.397,0.318,100,-4.8,-4.8,-0.9,0.7,4191
Nick Williams,Phillies,83,343,12,45,55,1,5.80%,28.30%,0.185,0.375,0.288,0.338,0.473,0.344,111,-2.2,2.6,-6.3,0.7,14330
Hunter Pence,Giants,134,539,13,55,67,2,7.40%,18.90%,0.126,0.301,0.26,0.315,0.385,0.303,86,2.7,-6.9,-3.3,0.7,8252
Lane Adams,Braves,85,122,5,19,20,10,8.20%,30.30%,0.193,0.368,0.275,0.339,0.468,0.344,108,2.6,3.9,-0.8,0.7,10767
Ezequiel Carrera,Blue Jays,131,325,8,38,20,10,9.20%,23.10%,0.125,0.358,0.282,0.356,0.408,0.334,108,2.8,6.2,-10.3,0.7,9048
Keon Broxton,Brewers,143,463,20,66,49,21,8.60%,37.80%,0.2,0.323,0.22,0.299,0.42,0.308,85,1.6,-7.3,-0.8,0.7,9253
Tucker Barnhart,Reds,121,423,7,26,44,4,9.90%,16.10%,0.132,0.312,0.27,0.347,0.403,0.317,90,-3.5,-8.7,1.8,0.7,10200
Devon Travis,Blue Jays,50,197,5,22,24,4,3.60%,19.30%,0.178,0.299,0.259,0.291,0.438,0.308,90,-0.1,-2.6,2.7,0.7,13862
Jeff Mathis,Diamondbacks,60,203,2,13,11,1,6.90%,30.00%,0.108,0.309,0.215,0.277,0.323,0.262,51,-0.4,-13.1,13.3,0.7,3448
Josh Bell,Pirates,159,620,26,75,90,2,10.60%,18.90%,0.211,0.278,0.255,0.334,0.466,0.338,108,-6.8,-0.1,-13.6,0.6,13145
Carlos Asuaje,Padres,89,343,4,28,21,0,8.20%,22.20%,0.091,0.346,0.27,0.334,0.362,0.307,88,-2,-7,2.3,0.6,15197
Boog Powell,- - -,52,135,3,24,12,0,11.10%,22.20%,0.12,0.349,0.282,0.358,0.402,0.331,109,-0.7,0.7,1.1,0.6,15103
Ronald Torreyes,Yankees,108,336,3,35,36,2,3.30%,12.80%,0.083,0.326,0.292,0.314,0.375,0.297,81,0.4,-7.4,2.1,0.6,11400
Joc Pederson,Dodgers,102,323,11,44,35,4,12.10%,21.10%,0.194,0.241,0.212,0.331,0.407,0.322,100,0.7,0.6,-4.9,0.6,11899
Hernan Perez,Brewers,136,458,14,47,51,13,4.40%,17.20%,0.155,0.286,0.259,0.289,0.414,0.298,79,2.3,-10.3,1.6,0.6,5751
Pat Valaika,Rockies,110,195,13,28,40,0,3.60%,27.20%,0.275,0.291,0.258,0.284,0.533,0.338,92,2.3,0.2,-0.4,0.6,14885
Francisco Cervelli,Pirates,81,304,5,31,31,0,10.50%,21.40%,0.121,0.311,0.249,0.342,0.37,0.315,93,-1.1,-3.7,-0.3,0.6,5275
Shin-Soo Choo,Rangers,149,636,22,96,78,12,12.10%,21.10%,0.162,0.305,0.261,0.357,0.423,0.339,104,-1.7,1.2,-17.1,0.6,3174
Gregory Polanco,Pirates,108,411,11,39,35,8,6.60%,14.60%,0.14,0.272,0.251,0.305,0.391,0.297,81,3,-6.8,-0.7,0.6,12907
Max Moroff,Pirates,56,140,3,19,21,0,11.40%,30.70%,0.125,0.28,0.2,0.302,0.325,0.28,70,0.6,-4.8,5.7,0.6,14556
Gregor Blanco,Diamondbacks,90,256,3,43,13,15,12.10%,23.00%,0.112,0.321,0.246,0.337,0.357,0.308,82,5,-1,-1.8,0.6,3123
Seth Smith,Orioles,111,373,13,50,32,2,9.70%,21.20%,0.176,0.301,0.258,0.34,0.433,0.332,106,-3.2,-0.5,-6.8,0.5,7331
Nick Markakis,Braves,160,670,8,76,76,0,10.10%,16.40%,0.11,0.324,0.275,0.354,0.384,0.321,93,-0.9,-6.7,-9.7,0.5,5930
Andrew Toles,Dodgers,31,102,5,17,15,0,4.90%,15.70%,0.188,0.28,0.271,0.314,0.458,0.329,104,0.1,0.7,1.3,0.5,13414
Robbie Grossman,Twins,119,456,9,62,45,3,14.70%,17.30%,0.134,0.287,0.246,0.361,0.38,0.329,102,0.1,1.4,-11.9,0.5,5254
Adam Eaton,Nationals,23,107,2,24,13,3,13.10%,16.80%,0.165,0.347,0.297,0.393,0.462,0.369,125,1.8,5.2,-3.5,0.5,11205
Kaleb Cowart,Angels,50,117,3,18,11,4,8.50%,23.90%,0.157,0.282,0.225,0.313,0.382,0.301,89,0.9,-0.8,1.8,0.5,11494
Jesse Winker,Reds,47,137,7,21,15,1,10.90%,17.50%,0.231,0.322,0.298,0.375,0.529,0.384,134,-0.5,5.5,-5,0.5,13590
Jeimer Candelario,- - -,38,142,3,18,16,0,9.20%,21.10%,0.142,0.351,0.283,0.359,0.425,0.342,112,-0.7,1.4,-1.4,0.5,13621
Alex Presley,Tigers,71,264,3,30,20,5,5.70%,18.60%,0.102,0.383,0.314,0.354,0.416,0.334,107,-1.3,1.1,-5.4,0.5,5305
Jason Kipnis,Indians,90,373,12,43,35,6,7.50%,19.00%,0.182,0.256,0.232,0.291,0.414,0.3,81,3.8,-5.2,-2.9,0.5,9776
Brian Goodwin,Nationals,74,278,13,41,30,6,8.30%,24.80%,0.247,0.291,0.251,0.313,0.498,0.337,104,-0.2,1.1,-5.4,0.5,12858
Kennys Vargas,Twins,78,264,11,33,41,0,7.60%,29.20%,0.191,0.325,0.253,0.314,0.444,0.323,98,0,-0.7,-4,0.4,12101
Cliff Pennington,Angels,87,217,3,23,21,3,7.40%,26.70%,0.077,0.333,0.253,0.306,0.33,0.279,73,1.1,-6,2.8,0.4,3395
Matt Szczur,- - -,119,237,3,28,18,0,14.30%,18.60%,0.128,0.275,0.226,0.35,0.354,0.316,94,0.5,-1.3,-2.2,0.4,11255
Yandy Diaz,Indians,49,179,0,25,13,2,11.70%,19.60%,0.064,0.336,0.263,0.352,0.327,0.306,84,0.7,-2.8,0.7,0.4,16578
Nori Aoki,- - -,110,374,5,48,35,10,7.80%,11.80%,0.116,0.301,0.277,0.335,0.393,0.315,97,-1.6,-2.7,-5.9,0.4,13075
Bruce Maxwell,Athletics,76,253,3,21,22,0,12.30%,24.90%,0.096,0.316,0.237,0.329,0.333,0.296,84,-3.1,-8,3.1,0.4,13866
Gorkys Hernandez,Giants,128,348,0,40,22,12,8.90%,21.00%,0.071,0.331,0.255,0.327,0.326,0.288,76,3.6,-7.2,-0.3,0.4,4146
C.J. Cron,Angels,100,373,16,39,56,3,5.90%,25.70%,0.189,0.296,0.248,0.305,0.437,0.316,99,-1.4,-1.9,-7.1,0.4,12546
Ben Zobrist,Cubs,128,496,12,58,50,2,10.90%,14.30%,0.143,0.251,0.232,0.318,0.375,0.302,82,-2,-13.1,0.6,0.4,7435
Stephen Piscotty,Cardinals,107,401,9,40,39,3,13.00%,21.70%,0.132,0.286,0.235,0.342,0.367,0.313,91,-3.8,-8.2,-1.3,0.4,13367
Austin Slater,Giants,34,127,3,15,16,0,6.30%,22.80%,0.12,0.353,0.282,0.339,0.402,0.323,99,1.3,1.1,-1.7,0.4,16153
John Hicks,Tigers,60,190,6,25,22,2,6.80%,26.80%,0.173,0.342,0.266,0.326,0.439,0.328,104,-0.2,0.6,-3.6,0.3,12547
Kelby Tomlinson,Giants,104,222,1,32,11,9,10.40%,20.70%,0.057,0.327,0.258,0.332,0.314,0.286,75,1.9,-5.3,1.3,0.3,13005
Kevin Plawecki,Mets,37,118,3,11,13,1,11.90%,14.40%,0.14,0.284,0.26,0.364,0.4,0.331,107,0.6,1.7,-2.4,0.3,13807
Wilson Ramos,Rays,64,224,11,19,35,0,4.50%,16.10%,0.188,0.262,0.26,0.29,0.447,0.307,92,-3.1,-5.4,0.9,0.3,1433
Chris Owings,Diamondbacks,97,386,12,41,51,12,4.40%,22.50%,0.174,0.318,0.268,0.299,0.442,0.313,85,2,-5.5,-4,0.3,10030
Peter Bourjos,Rays,100,203,5,27,15,5,5.90%,26.10%,0.16,0.282,0.223,0.272,0.383,0.28,74,0.8,-5.8,1.9,0.3,2578
Luke Voit,Cardinals,62,124,4,18,18,0,5.60%,25.00%,0.184,0.304,0.246,0.306,0.43,0.316,94,0.6,-0.4,-0.8,0.3,14811
Amed Rosario,Mets,46,170,4,16,10,7,1.80%,28.80%,0.145,0.33,0.248,0.271,0.394,0.282,75,-0.2,-5.5,2.8,0.3,15518
John Jaso,Pirates,126,302,10,28,35,1,13.20%,21.90%,0.191,0.243,0.211,0.328,0.402,0.317,94,1.8,-0.4,-6.6,0.3,5887
Jarrett Parker,Giants,51,177,4,14,23,2,5.60%,30.50%,0.169,0.343,0.247,0.294,0.416,0.299,83,0.7,-3.1,0.1,0.3,11624
Aledmys Diaz,Cardinals,79,301,7,31,20,4,4.30%,14.00%,0.133,0.282,0.259,0.29,0.392,0.291,77,-1.2,-10,2.9,0.3,15937
Ryon Healy,Athletics,149,605,25,66,78,0,3.80%,23.50%,0.181,0.319,0.271,0.302,0.451,0.32,100,-1.8,-1.6,-16.8,0.2,15447
Joey Rickard,Orioles,111,277,4,29,19,8,3.20%,22.70%,0.103,0.303,0.241,0.276,0.345,0.269,63,2.5,-10.1,3,0.2,13277
Deven Marrero,Red Sox,71,188,4,32,27,5,6.40%,32.40%,0.123,0.296,0.211,0.259,0.333,0.257,50,0.7,-10.8,6.8,0.2,13325
Erik Gonzalez,Indians,60,115,4,18,11,1,2.60%,32.20%,0.164,0.343,0.255,0.272,0.418,0.291,74,0,-3.6,2.1,0.2,13369
Andrew Knapp,Phillies,56,204,3,26,13,1,15.20%,27.50%,0.111,0.36,0.257,0.368,0.368,0.321,95,0.3,-1,-3.4,0.2,14942
Hunter Renfroe,Padres,122,479,26,51,58,3,5.60%,29.20%,0.236,0.275,0.231,0.284,0.467,0.316,94,0.7,-2.8,-10.9,0.2,15464
Alcides Escobar,Royals,162,629,6,71,54,4,2.40%,16.20%,0.107,0.291,0.25,0.272,0.357,0.269,62,3.5,-26.2,6.4,0.2,6310
Daniel Descalso,Diamondbacks,131,398,10,47,51,4,12.10%,22.40%,0.163,0.283,0.233,0.332,0.395,0.318,88,0.6,-5.6,-5.6,0.2,8392
Nick Ahmed,Diamondbacks,53,178,6,24,21,3,5.60%,21.90%,0.168,0.295,0.251,0.298,0.419,0.3,76,-0.7,-6.1,1.9,0.2,12147
Chad Pinder,Athletics,87,309,15,36,42,2,5.80%,29.80%,0.22,0.292,0.238,0.292,0.457,0.316,98,-3.2,-4,-5.2,0.1,15191
Josh Phegley,Athletics,57,161,3,14,10,0,5.60%,16.10%,0.134,0.223,0.201,0.255,0.336,0.256,57,-1.4,-10,5.8,0.1,9308
Jorge Alfaro,Phillies,29,114,5,12,14,0,2.60%,28.90%,0.196,0.42,0.318,0.36,0.514,0.369,127,-1.8,2.2,-4.6,0.1,12180
J.T. Riddle,Marlins,70,247,3,20,31,0,4.90%,20.20%,0.105,0.3,0.25,0.282,0.355,0.27,66,-1.2,-11.9,5.2,0.1,17642
Yasmany Tomas,Diamondbacks,47,180,8,19,32,0,7.20%,27.80%,0.223,0.294,0.241,0.294,0.464,0.319,89,0.9,-1.6,-3.1,0.1,17171
Craig Gentry,Orioles,77,117,2,17,11,5,9.40%,20.50%,0.129,0.316,0.257,0.333,0.386,0.314,94,0,-0.9,-2,0.1,9571
Dustin Garneau,- - -,41,126,2,10,9,0,9.50%,28.60%,0.125,0.257,0.188,0.272,0.313,0.26,48,1.1,-7.2,4.1,0.1,9433
Tim Anderson,White Sox,146,606,17,72,56,15,2.10%,26.70%,0.145,0.328,0.257,0.276,0.402,0.288,78,3.7,-12.7,-7,0.1,15172
Chris Davis,Orioles,128,524,26,65,61,1,11.60%,37.20%,0.208,0.301,0.215,0.309,0.423,0.312,92,-0.9,-5.9,-11.1,0.1,9272
Steve Pearce,Blue Jays,92,348,13,38,37,0,7.80%,19.50%,0.185,0.281,0.252,0.319,0.438,0.323,100,-1,-0.9,-10,0.1,9957
Daniel Robertson,Rays,75,254,5,22,19,1,11.40%,28.70%,0.119,0.282,0.206,0.308,0.326,0.284,76,-1.7,-9.2,1.4,0.1,14145
Stephen Drew,Nationals,46,106,1,9,17,0,7.50%,19.80%,0.105,0.303,0.253,0.302,0.358,0.285,69,0.2,-3.9,1.3,0.1,4251
Rickie Weeks Jr.,Rays,37,112,2,13,8,1,10.70%,43.80%,0.124,0.413,0.216,0.321,0.34,0.297,85,0.9,-1.2,-2,0.1,1849
Troy Tulowitzki,Blue Jays,66,260,7,16,26,0,6.50%,15.40%,0.129,0.272,0.249,0.3,0.378,0.292,79,-3.5,-10.1,1.8,0.1,3531
Kevan Smith,White Sox,87,294,4,23,30,0,3.10%,15.60%,0.105,0.323,0.283,0.309,0.388,0.3,86,-2.6,-7.7,-1.9,0,12284
Ryan Schimpf,Padres,53,197,14,24,25,0,13.70%,35.50%,0.267,0.145,0.158,0.284,0.424,0.304,86,1.9,-1.5,-4.6,0,9953
Ben Revere,Angels,109,308,1,37,20,21,4.90%,8.10%,0.069,0.296,0.275,0.308,0.344,0.284,77,4.6,-4.1,-6.3,0,4712
Derek Fisher,Astros,53,166,5,21,17,3,10.20%,32.50%,0.144,0.299,0.212,0.307,0.356,0.291,82,-1.3,-4.9,-0.7,0,16192
Stephen Vogt,- - -,99,303,12,25,40,0,6.90%,18.50%,0.19,0.249,0.233,0.285,0.423,0.299,83,-2.4,-8.7,-1.5,0,5000
James McCann,Tigers,106,391,13,39,49,1,6.60%,22.80%,0.162,0.3,0.253,0.318,0.415,0.316,95,-1.8,-4.2,-9.3,0,12859
Nick Hundley,Giants,101,303,9,27,35,0,4.00%,26.70%,0.174,0.307,0.244,0.272,0.418,0.289,77,-0.9,-9.9,-0.1,0,3376
Derek Norris,Rays,53,198,9,21,24,1,6.10%,24.20%,0.179,0.214,0.201,0.258,0.38,0.271,68,-0.8,-8.7,1.6,0,6867
Drew Robinson,Rangers,48,121,6,11,13,0,11.60%,34.70%,0.215,0.305,0.224,0.314,0.439,0.323,93,-1,-2.1,-2.4,0,11761
Brad Miller,Rays,110,407,9,43,40,5,15.50%,27.00%,0.136,0.265,0.201,0.327,0.337,0.294,83,-0.6,-9.1,-5.3,0,12775
Rajai Davis,- - -,117,366,5,56,20,29,7.40%,22.70%,0.113,0.297,0.235,0.293,0.348,0.279,72,3.8,-8.9,-4.2,0,3708
Miguel Montero,- - -,76,213,6,24,16,1,10.80%,22.10%,0.13,0.254,0.216,0.31,0.346,0.289,75,-1.6,-8.2,0.5,-0.1,3364
Carlos Gonzalez,Rockies,136,534,14,72,57,3,10.50%,22.30%,0.162,0.318,0.262,0.339,0.423,0.327,84,-0.5,-11.5,-6.5,-0.1,7287
Guillermo Heredia,Mariners,123,426,6,43,24,1,6.30%,15.00%,0.088,0.284,0.249,0.315,0.337,0.288,81,-1.3,-11.3,-4,-0.1,18721
Brandon Guyer,Indians,70,192,2,23,20,2,7.80%,22.40%,0.091,0.303,0.236,0.326,0.327,0.293,76,0,-5.7,-1.5,-0.1,2636
Matt Holliday,Yankees,105,427,19,50,64,1,10.80%,26.70%,0.201,0.273,0.231,0.316,0.432,0.32,97,-3.2,-4.7,-10.6,-0.1,1873
Martin Prado,Marlins,37,147,2,13,12,0,4.10%,15.00%,0.107,0.282,0.25,0.279,0.357,0.274,69,-1.3,-7.1,1.5,-0.1,3312
Ichiro Suzuki,Marlins,136,215,3,19,20,1,7.90%,16.30%,0.077,0.297,0.255,0.318,0.332,0.287,77,0.1,-6.1,-1.8,-0.1,1101
Patrick Kivlehan,Reds,115,204,9,23,26,1,10.80%,29.90%,0.191,0.257,0.208,0.304,0.399,0.303,81,0.5,-4.3,-3.3,-0.1,13910
Alex Gordon,Royals,148,541,9,52,45,7,8.30%,23.30%,0.107,0.261,0.208,0.293,0.315,0.269,62,0.9,-24.4,4.7,-0.1,5209
Miguel Cabrera,Tigers,130,529,16,50,60,0,10.20%,20.80%,0.149,0.292,0.249,0.329,0.399,0.313,93,-8.1,-12.8,-6.5,-0.1,1744
Abraham Almonte,Indians,69,195,3,26,14,2,10.30%,23.60%,0.134,0.298,0.233,0.314,0.366,0.298,79,1.5,-3.6,-4.3,-0.1,5486
Zack Granite,Twins,40,107,1,14,13,2,11.20%,8.40%,0.054,0.25,0.237,0.321,0.29,0.278,67,-1.5,-5.9,1,-0.1,15343
Raimel Tapia,Rockies,70,171,2,27,16,5,4.70%,21.10%,0.138,0.361,0.288,0.329,0.425,0.322,81,2.3,-1.9,-4.8,-0.1,14350
Nomar Mazara,Rangers,148,616,20,64,101,2,8.90%,20.60%,0.17,0.293,0.253,0.323,0.422,0.317,89,-2.2,-10.6,-11.8,-0.1,14553
Tyler Collins,Tigers,49,169,5,18,14,0,10.70%,32.50%,0.14,0.264,0.193,0.278,0.333,0.269,63,-1.3,-9,1.9,-0.1,12723
Melky Cabrera,- - -,156,666,17,78,85,1,5.40%,11.10%,0.137,0.299,0.285,0.324,0.423,0.319,98,-3.8,-5.3,-18.9,-0.1,4022
Rio Ruiz,Braves,53,173,4,22,19,1,11.00%,23.70%,0.113,0.231,0.193,0.283,0.307,0.261,54,0.5,-9.8,2.7,-0.1,14103
Tyler Moore,Marlins,104,203,6,17,30,0,4.90%,27.60%,0.171,0.287,0.23,0.267,0.401,0.282,74,-0.4,-7.1,-1,-0.1,7244
Nick Franklin,- - -,66,119,2,9,12,2,8.40%,18.50%,0.104,0.207,0.179,0.269,0.283,0.25,48,0.9,-6.9,1.3,-0.2,10166
Jabari Blash,Padres,61,195,5,24,16,1,14.40%,33.80%,0.128,0.319,0.213,0.333,0.341,0.303,86,-0.7,-4.1,-4,-0.2,11247
Jett Bandy,Brewers,60,188,6,14,18,1,8.00%,27.10%,0.142,0.259,0.207,0.287,0.349,0.28,67,-0.1,-8.1,0.2,-0.2,12508
Andrew Romine,Tigers,124,348,4,45,25,6,6.30%,19.30%,0.104,0.281,0.233,0.289,0.336,0.274,66,-1.1,-15.5,1.7,-0.2,1159
Devin Mesoraco,Reds,56,165,6,17,14,1,10.90%,23.00%,0.177,0.245,0.213,0.321,0.39,0.312,87,0,-2.7,-4.5,-0.2,5666
Ty Kelly,- - -,70,105,2,11,14,0,7.60%,23.80%,0.146,0.231,0.191,0.257,0.337,0.256,53,1.4,-5,-0.3,-0.2,7740
Ryan Goins,Blue Jays,143,459,9,37,62,3,6.80%,20.90%,0.12,0.283,0.237,0.286,0.356,0.278,70,-0.8,-17.9,0,-0.2,9807
Willy Garcia,White Sox,44,119,2,15,12,0,9.20%,26.10%,0.162,0.311,0.238,0.305,0.4,0.301,87,-0.8,-2.7,-3.4,-0.2,12956
Chris Young,Red Sox,90,276,7,30,25,3,10.90%,19.90%,0.152,0.275,0.235,0.322,0.387,0.31,87,0.4,-4.2,-7.4,-0.2,3882
A.J. Ellis,Marlins,51,163,6,17,14,0,7.40%,17.80%,0.161,0.222,0.21,0.298,0.371,0.294,82,-1.8,-5.5,-1.9,-0.2,5677
Austin Romine,Yankees,80,252,2,19,21,0,6.30%,22.60%,0.074,0.277,0.218,0.272,0.293,0.25,49,-1.3,-17.2,6.4,-0.2,5491
Rey Fuentes,Diamondbacks,64,145,3,19,9,4,5.50%,24.10%,0.103,0.296,0.235,0.278,0.338,0.268,55,0.9,-7.4,0.4,-0.2,10329
Erick Aybar,Padres,108,370,7,37,22,11,7.60%,15.40%,0.114,0.262,0.234,0.3,0.348,0.282,72,0.6,-12.5,-1.9,-0.2,4082
Dansby Swanson,Braves,144,551,6,59,51,3,10.70%,21.80%,0.092,0.292,0.232,0.312,0.324,0.276,64,1.6,-24,3.5,-0.3,18314
Matt Reynolds,Mets,68,130,1,12,5,0,10.80%,28.50%,0.071,0.333,0.23,0.326,0.301,0.282,75,-1.2,-5.4,-1.7,-0.3,13788
Danny Santana,- - -,82,178,4,19,23,7,4.50%,23.00%,0.155,0.244,0.202,0.243,0.357,0.254,50,2.1,-9.3,0.5,-0.3,10322
Ruben Tejada,Orioles,41,124,0,17,5,0,6.50%,12.10%,0.053,0.265,0.23,0.293,0.283,0.259,56,-1.6,-8.3,1.1,-0.3,5519
Dixon Machado,Tigers,73,181,1,17,11,1,5.50%,17.70%,0.06,0.311,0.259,0.302,0.319,0.273,66,-2.8,-10.4,1.2,-0.3,11472
Jayson Werth,Nationals,70,289,10,35,29,4,12.10%,23.90%,0.167,0.27,0.226,0.322,0.393,0.311,87,1,-4,-8.4,-0.3,1327
Leonys Martin,- - -,49,138,3,14,9,7,5.80%,23.90%,0.109,0.207,0.172,0.232,0.281,0.224,36,0.2,-10.6,2.8,-0.3,11846
Jose Peraza,Reds,143,518,5,50,37,23,3.90%,13.50%,0.066,0.293,0.259,0.297,0.324,0.273,61,2.8,-22.9,2.9,-0.3,13593
Adam Rosales,- - -,105,312,7,25,36,1,3.50%,32.10%,0.128,0.312,0.225,0.26,0.353,0.261,58,0.7,-15.8,1.9,-0.3,9682
Clint Frazier,Yankees,39,142,4,16,17,1,4.90%,30.30%,0.216,0.307,0.231,0.268,0.448,0.298,82,0.5,-2.6,-5.7,-0.3,15983
Greg Bird,Yankees,48,170,9,20,28,0,11.20%,24.70%,0.231,0.194,0.19,0.288,0.422,0.303,86,-2.2,-5.2,-4.2,-0.4,14131
Jose Bautista,Blue Jays,157,686,23,92,65,6,12.20%,24.80%,0.164,0.239,0.203,0.308,0.366,0.295,81,-4.9,-20.9,-6.2,-0.4,1887
Jaycob Brugman,Athletics,48,162,3,12,12,1,11.10%,23.50%,0.077,0.34,0.266,0.346,0.343,0.305,90,-0.2,-2.1,-7.2,-0.4,14936
Danny Valencia,Mariners,130,500,15,54,66,2,8.00%,24.40%,0.156,0.312,0.256,0.314,0.411,0.311,97,-5.9,-7.9,-13.1,-0.4,6364
Tomas Telis,Marlins,48,111,0,13,9,0,2.70%,9.00%,0.106,0.263,0.24,0.279,0.346,0.27,66,0.2,-4.5,-3,-0.4,10067
Chris Stewart,Pirates,51,144,0,8,4,0,6.30%,15.30%,0.038,0.22,0.183,0.241,0.221,0.207,22,0.2,-14.2,5.5,-0.4,3878
Andres Blanco,Phillies,80,144,3,10,13,1,8.30%,23.60%,0.1,0.232,0.192,0.257,0.292,0.243,44,0.8,-9.5,0.8,-0.4,1907
Adonis Garcia,Braves,52,183,5,19,19,4,3.80%,12.60%,0.11,0.247,0.237,0.273,0.347,0.269,59,-0.1,-9.7,-0.3,-0.4,13777
Josh Rutledge,Red Sox,37,118,0,10,9,1,7.60%,26.30%,0.037,0.316,0.224,0.297,0.262,0.255,49,1.2,-6.2,-1.9,-0.4,11167
Luke Maile,Blue Jays,46,136,2,10,7,1,2.20%,25.70%,0.085,0.181,0.146,0.176,0.231,0.178,1,0.8,-15.8,7.1,-0.4,13355
Maikel Franco,Phillies,154,623,24,66,76,0,6.60%,15.20%,0.179,0.234,0.23,0.281,0.409,0.292,76,-3.1,-21.9,-2.5,-0.4,12179
Sean Rodriguez,- - -,54,153,5,18,8,1,10.50%,37.30%,0.129,0.243,0.167,0.276,0.295,0.257,54,0.4,-8.6,-0.8,-0.4,6589
Ryan Rua,Rangers,63,144,3,17,12,2,9.70%,36.10%,0.116,0.338,0.217,0.294,0.333,0.278,62,-0.9,-7.7,-1.7,-0.4,12409
Brandon Moss,Royals,118,401,22,41,50,2,9.20%,31.90%,0.221,0.248,0.207,0.279,0.428,0.301,84,0,-8.1,-10.2,-0.5,4467
Jonathan Villar,Brewers,122,436,11,49,40,23,6.90%,30.30%,0.132,0.33,0.241,0.293,0.372,0.287,72,2.6,-13.4,-5.4,-0.5,10071
Hanley Ramirez,Red Sox,133,553,23,58,62,1,9.20%,21.00%,0.188,0.272,0.242,0.32,0.429,0.318,92,-5.3,-10.7,-13.2,-0.5,8001
Cheslor Cuthbert,Royals,58,153,2,10,18,0,5.90%,25.50%,0.091,0.301,0.231,0.275,0.322,0.261,56,0,-8.3,-2,-0.5,10473
Carlos Ruiz,Mariners,54,145,3,14,11,1,9.70%,26.20%,0.136,0.282,0.216,0.313,0.352,0.295,86,-0.6,-3.2,-6.9,-0.5,2579
Jace Peterson,Braves,89,215,2,15,17,3,12.60%,22.30%,0.102,0.279,0.215,0.318,0.317,0.28,67,1.5,-7.7,-4.5,-0.5,12325
Jefry Marte,Angels,45,145,4,10,14,1,9.00%,23.40%,0.134,0.2,0.173,0.269,0.307,0.258,59,-0.6,-7.9,-2.5,-0.5,5107
Darwin Barney,Blue Jays,129,362,6,34,25,7,5.00%,17.70%,0.095,0.27,0.232,0.275,0.327,0.263,59,-0.9,-19.1,1.2,-0.5,2430
Taylor Motter,Mariners,92,280,7,29,26,12,7.50%,22.10%,0.128,0.232,0.198,0.257,0.326,0.254,58,0.8,-13.6,-1.5,-0.5,12399
JaCoby Jones,Tigers,56,154,3,14,13,6,5.80%,42.20%,0.099,0.288,0.17,0.24,0.27,0.229,35,-0.2,-12.5,1.6,-0.6,14818
Kendrys Morales,Blue Jays,150,608,28,67,85,0,7.10%,21.70%,0.196,0.278,0.25,0.308,0.445,0.32,98,-9.4,-10.9,-15.7,-0.6,8610
Christian Arroyo,Giants,34,135,3,9,14,1,5.90%,23.70%,0.112,0.231,0.192,0.244,0.304,0.237,43,-1.1,-11.1,1.1,-0.6,16434
Dominic Smith,Mets,49,183,9,17,26,0,7.70%,26.80%,0.198,0.218,0.198,0.262,0.395,0.281,75,-1.1,-7.1,-4.6,-0.6,15653
Hector Sanchez,Padres,75,143,8,14,25,0,3.50%,28.70%,0.204,0.247,0.219,0.245,0.423,0.277,69,-0.8,-6.5,-4.1,-0.6,10289
Jose Osuna,Pirates,104,227,7,31,30,0,4.00%,17.60%,0.195,0.254,0.233,0.269,0.428,0.293,79,-1.3,-7.5,-6,-0.6,12937
Cameron Rupp,Phillies,88,331,14,35,34,1,10.30%,34.40%,0.2,0.298,0.217,0.299,0.417,0.304,85,-2.6,-9.1,-8,-0.6,11146
Mark Canha,Athletics,57,187,5,16,14,2,3.70%,29.90%,0.173,0.274,0.208,0.262,0.382,0.276,70,-0.4,-7.2,-5.7,-0.6,11445
Matt Kemp,Braves,115,467,19,47,64,0,5.80%,21.20%,0.187,0.318,0.276,0.318,0.463,0.328,98,-6.5,-7.6,-14.1,-0.6,5631
Drew Butera,Royals,75,177,3,18,14,0,6.80%,23.20%,0.092,0.286,0.227,0.284,0.319,0.266,60,1.4,-7.3,-5.4,-0.7,3411
Tony Wolters,Rockies,83,266,0,30,16,0,12.40%,20.70%,0.044,0.316,0.24,0.341,0.284,0.274,49,-1.3,-18.7,3.2,-0.7,11470
Chris Carter,Yankees,62,208,8,20,26,0,9.60%,36.50%,0.168,0.284,0.201,0.284,0.37,0.284,72,-1.4,-8.6,-5.5,-0.7,9911
Mike Napoli,Rangers,124,485,29,60,66,1,10.10%,33.60%,0.235,0.225,0.193,0.285,0.428,0.302,79,-2.1,-14.9,-8.7,-0.7,3057
Arismendy Alcantara,Reds,70,108,1,13,7,2,1.90%,35.20%,0.076,0.258,0.171,0.187,0.248,0.187,5,0.9,-12.3,1.6,-0.7,10711
J.J. Hardy,Orioles,73,268,4,24,24,0,4.50%,17.90%,0.106,0.252,0.217,0.255,0.323,0.251,50,-2.3,-18.8,2.2,-0.7,3797
Giovanny Urshela,Indians,67,165,1,14,15,0,4.80%,13.30%,0.064,0.256,0.224,0.262,0.288,0.243,41,-2.1,-14,0.9,-0.7,10681
Alen Hanson,- - -,106,234,4,36,11,11,5.10%,22.20%,0.124,0.268,0.221,0.262,0.346,0.261,59,1.4,-10.6,-5,-0.8,12926
Adam Engel,White Sox,97,336,6,34,21,8,5.70%,34.80%,0.116,0.247,0.166,0.235,0.282,0.23,38,4.3,-21.4,2,-0.8,15082
Michael Saunders,- - -,73,234,6,26,21,0,6.40%,23.50%,0.142,0.242,0.202,0.256,0.344,0.256,53,2.2,-11.8,-3.9,-0.8,9981
Pablo Sandoval,- - -,79,279,9,27,32,0,5.70%,19.00%,0.147,0.24,0.22,0.265,0.367,0.271,63,-2,-15,-2.5,-0.8,5409
Ian Desmond,Rockies,95,373,7,47,40,15,6.40%,23.30%,0.1,0.345,0.274,0.326,0.375,0.305,69,0.7,-14.1,-6.6,-0.8,6885
Brock Holt,Red Sox,64,164,0,20,7,2,11.60%,20.70%,0.043,0.259,0.2,0.305,0.243,0.256,50,-2.2,-12.4,-2.4,-0.9,9345
Matt Davidson,White Sox,118,443,26,43,68,0,4.30%,37.20%,0.232,0.285,0.22,0.26,0.452,0.297,84,-4.1,-12.9,-11.6,-0.9,7226
Ryder Jones,Giants,53,164,2,12,5,1,6.10%,31.70%,0.1,0.25,0.173,0.244,0.273,0.223,33,0.7,-13.3,-1.4,-0.9,15982
Jose Lobaton,Nationals,51,158,4,11,11,0,8.90%,22.20%,0.106,0.194,0.17,0.248,0.277,0.232,35,0,-13.2,-1.4,-0.9,4243
Jorge Soler,Royals,35,110,2,7,6,0,10.90%,32.70%,0.113,0.203,0.144,0.245,0.258,0.226,32,-0.9,-10.1,-3.1,-0.9,14221
Chris Herrmann,Diamondbacks,106,256,10,35,27,5,11.30%,26.20%,0.164,0.207,0.181,0.273,0.345,0.272,58,2.5,-11.5,-6.6,-1,9284
Tommy Joseph,Phillies,142,533,22,51,69,1,6.20%,24.20%,0.192,0.28,0.24,0.289,0.432,0.305,85,-4.4,-14.4,-13,-1,10349
Danny Espinosa,- - -,93,295,6,30,31,4,7.10%,36.90%,0.105,0.261,0.173,0.245,0.278,0.232,41,-1.5,-22.8,2.5,-1,9219
Adrian Gonzalez,Dodgers,71,252,3,14,30,0,6.30%,17.10%,0.113,0.28,0.242,0.287,0.355,0.275,69,-3.6,-13.5,-4.9,-1,1908
Victor Martinez,Tigers,107,435,10,38,47,0,8.30%,14.50%,0.117,0.28,0.255,0.324,0.372,0.303,86,-6.6,-14,-11.2,-1,393
Tyler Saladino,White Sox,79,281,0,23,10,5,8.20%,23.80%,0.051,0.242,0.178,0.254,0.229,0.223,33,0.2,-23.1,3.1,-1,10807
Elias Diaz,Pirates,64,200,1,18,19,1,5.50%,19.00%,0.09,0.273,0.223,0.265,0.314,0.253,52,-2.7,-15,-2.1,-1.1,11680
Allen Cordoba,Padres,100,227,4,17,15,2,7.90%,23.80%,0.089,0.259,0.208,0.282,0.297,0.256,55,-0.6,-13.6,-4.6,-1.1,15722
Hyun Soo Kim,- - -,96,239,1,20,14,0,9.20%,19.20%,0.061,0.287,0.231,0.307,0.292,0.268,62,0.3,-11.1,-7.9,-1.1,18718
Carlos Beltran,Astros,129,509,14,60,51,0,6.50%,20.00%,0.152,0.263,0.231,0.283,0.383,0.283,77,-2.8,-17.2,-11.3,-1.1,589
Jonathan Lucroy,- - -,123,481,6,45,40,1,9.60%,10.60%,0.106,0.286,0.265,0.345,0.371,0.311,81,-2.8,-14.3,-13.1,-1.1,7870
Trevor Plouffe,- - -,100,313,9,31,19,1,8.90%,28.10%,0.12,0.251,0.198,0.272,0.318,0.258,58,-2.8,-18.9,-3.4,-1.2,7462
Alexi Amarista,Rockies,96,176,3,22,19,1,4.00%,21.60%,0.113,0.291,0.238,0.269,0.351,0.267,45,-1.5,-13.9,-3.5,-1.2,9063
Mark Trumbo,Orioles,146,603,23,79,65,1,7.00%,24.70%,0.163,0.278,0.234,0.289,0.397,0.295,81,-0.9,-15.4,-17.3,-1.2,6876
Rougned Odor,Rangers,162,651,30,79,75,15,4.90%,24.90%,0.193,0.224,0.204,0.252,0.397,0.272,58,1.8,-32,-2.7,-1.2,12282
Ryan Hanigan,Rockies,33,112,2,9,12,0,7.10%,23.20%,0.079,0.338,0.267,0.324,0.347,0.289,59,-0.8,-6.7,-9.7,-1.3,4952
Luis Torrens,Padres,56,139,0,7,7,0,8.60%,21.60%,0.041,0.215,0.163,0.243,0.203,0.197,17,0.1,-14.8,-2.5,-1.3,15905
Matt Wieters,Nationals,123,465,10,43,52,1,8.20%,20.20%,0.118,0.264,0.225,0.288,0.344,0.273,62,-4.2,-27.2,-2.5,-1.4,4298
Albert Pujols,Angels,149,636,23,53,101,3,5.80%,14.60%,0.145,0.249,0.241,0.286,0.386,0.286,78,-6.3,-23.5,-17.4,-1.9,1177
