W,G,GS,SV,IPouts,SO,ERA,WLpct,W_IP,H_IP,predictions,nameFull
0.0,6.470588235,0.0,14.705882353,0.0,0.0,0.0,0.0,0.0,0.0,0,David Aardsma
0.0,0.0,0.0,5.882352941000001,0.0,0.0,0.0,0.0,0.0,0.0,0,Jeremy Accardo
0.0,0.0,0.0,5.294117647,0.0,0.0,0.0,0.0,0.0,0.0,0,Alfredo Aceves
0.0,1.5,0.0,0.0,0.0,0.0,0.0,0.0,0.0,0.0,0,Mike Adams
0.0,9.0,0.0,2.9411764710000003,0.0,0.0,0.0,0.0,0.0,0.0,0,Jeremy Affeldt
0.0,5.263157895,0.0,0.0,0.0,0.0,0.0,0.0,0.0,0.0,0,Al Alburquerque
0.0,6.315789474,0.0,0.0,0.0,0.0,0.0,0.0,0.0,0.0,0,Scott Alexander
0.0,35.789473685,0.0,34.736842106,0.0,0.0,0.0,0.0,0.0,0.0,0,Cody Allen
0.0,0.0,0.588235294,0.0,0.0,0.0,7.368421053,4.736842105,0.0,0.0,0,Henderson Alvarez
0.0,9.473684211,0.0,0.0,0.0,0.0,0.0,0.0,0.0,0.0,0,Jose Alvarez
0.0,4.210526316,0.0,0.0,0.0,0.0,0.0,0.0,0.0,0.0,0,Jose Alvarado
0.0,0.0,1.052631579,0.0,0.0,1.764705882,0.0,0.0,0.0,0.0,0,Brett Anderson
1.5789473680000001,0.0,0.0,0.0,0.0,0.0,0.0,8.421052632,0.0,0.0,0,Chase Anderson
0.0,0.0,5.789473684,0.0,1.5789473680000001,1.052631579,0.0,0.0,0.0,0.0,0,Tyler Anderson
0.0,0.0,0.0,0.0,0.0,7.0,6.0,2.0,0.0,9.5,0,Rick Ankiel
0.526315789,0.0,33.684210527,0.0,21.578947369,31.052631579999996,14.736842105,0.0,0.0,19.473684211000002,0,Chris Archer
24.210526316,0.0,12.631578947,0.0,15.789473685,16.315789473,21.052631579000003,17.894736843,11.052631579,25.263157895,0,Jake Arrieta
34.204334366,0.0,35.789473684,0.0,31.360681114000002,12.0,12.029411764999999,7.0,21.147058824,15.705882353,0,Bronson Arroyo
0.0,1.5789473680000001,0.0,0.0,0.0,0.0,0.0,0.0,0.0,0.0,0,Scott Atchison
0.0,13.684210527000001,0.0,0.0,0.0,0.0,0.0,0.0,0.0,0.0,0,Luis Avilan
0.0,20.578947368999998,0.0,17.184210526,0.0,0.0,0.0,0.0,0.0,0.0,0,John Axford
0.0,14.5,0.0,0.5,0.0,0.0,0.0,0.0,0.0,0.0,0,Luis Ayala
0.0,1.5789473680000001,0.0,0.0,0.0,0.0,0.0,0.0,0.0,0.0,0,Burke Badenhop
0.0,7.058823529,0.0,20.5,0.0,0.0,0.0,0.0,0.0,1.764705882,0,Danys Baez
0.0,4.210526316,0.0,0.0,0.0,0.0,0.0,0.0,0.0,0.0,0,Pedro Baez
0.0,0.0,0.0,15.170278638,0.0,0.0,0.0,0.0,0.0,0.0,0,Andrew Bailey
0.0,0.0,6.789473684,0.0,10.815789473999999,7.842105263,0.0,0.0,0.0,3.684210526,0,Homer Bailey
4.705882353,0.0,8.235294117999999,0.0,1.176470588,2.9411764710000003,5.882352941000001,2.352941176,12.941176471,5.882352940999999,0,Scott Baker
0.0,14.117647059,0.0,13.126934984999998,0.0,0.0,0.0,0.0,0.0,0.0,0,Grant Balfour
0.0,15.294117648,0.0,0.0,0.0,0.0,0.0,0.0,0.0,0.0,0,Daniel Bard
0.0,7.368421053,0.0,0.0,0.0,0.0,0.0,0.0,0.0,0.0,0,Jacob Barnes
0.0,6.315789474,0.0,0.0,0.0,0.0,0.0,0.0,0.0,0.0,0,Matt Barnes
0.0,6.315789474,0.0,0.0,0.0,0.0,0.0,0.0,0.0,0.0,0,Kyle Barraclough
0.0,0.0,0.0,1.0,0.0,0.0,0.0,0.0,0.0,0.0,0,Antonio Bastardo
5.294117647,5.294117647,7.529411765,4.705882353,0.0,0.0,4.5,4.0,3.529411765,2.5,0,Miguel Batista
12.631578947,0.0,2.105263158,0.0,3.1578947360000003,21.578947368999998,12.105263158,10.0,0.0,15.789473685,0,Trevor Bauer
0.0,0.0,0.0,0.0,0.0,2.0,0.0,0.0,0.0,0.0,0,Brandon Beachy
30.705882353,0.0,9.411764705,0.0,7.647058823,27.617647057,22.058823529,31.882352941,3.529411765,31.117647059999996,0,Josh Beckett
2.352941176,0.0,7.058823529,0.0,0.0,12.941176471,13.529411764999999,7.647058824,0.0,11.764705882,0,Erik Bedard
0.0,4.736842105,0.0,0.0,0.0,0.0,0.0,0.0,0.0,0.0,0,Cam Bedrosian
0.0,11.5,0.0,0.0,0.0,0.0,0.0,0.0,0.0,0.0,0,Joe Beimel
0.0,13.157894737,0.0,0.0,0.0,0.0,0.0,0.0,0.0,0.0,0,Matt Belisle
0.0,9.473684211,0.0,0.0,0.0,0.0,0.0,0.0,0.0,0.0,0,Ronald Belisario
0.0,14.5,0.0,23.578947368,0.0,0.0,0.0,0.0,0.0,0.0,0,Heath Bell
0.0,11.764705882000001,0.0,5.789473684000001,0.0,0.0,0.0,0.0,0.0,0.0,0,Joaquin Benoit
8.421052631,0.0,7.368421053,0.0,6.315789474,4.736842105,2.105263158,2.631578947,6.315789474,6.842105263,0,Jose Berrios
0.0,20.52631579,0.0,2.6315789470000004,0.0,0.0,0.0,0.0,0.0,0.0,0,Dellin Betances
0.0,8.205882352,0.0,9.631578947,0.0,0.0,0.0,0.0,0.0,0.0,0,Rafael Betancourt
3.157894737,0.0,6.315789474,0.0,1.5789473680000001,0.0,0.0,4.210526316,3.157894737,0.0,0,Chad Bettis
0.0,0.0,0.0,0.0,0.0,0.0,0.0,4.210526316,0.0,0.0,0,Shane Bieber
7.5,0.0,2.0,0.0,3.5,14.0,7.0,11.5,0.0,6.0,0,Chad Billingsley
0.0,0.0,15.882352941999999,0.0,3.529411765,0.0,0.0,0.0,0.0,0.0,0,Nick Blackburn
6.970588235000001,6.315789474,15.882352941,0.0,9.411764706,1.0,4.705882353,5.0,1.0,8.235294117999999,0,Joe Blanton
0.0,13.157894737,0.0,0.0,0.0,0.0,0.0,0.0,0.0,0.0,0,Jerry Blevins
0.0,8.5,0.0,0.0,0.0,0.0,0.0,0.0,0.0,0.0,0,Mitchell Boggs
2.9411764710000003,0.0,10.0,0.0,5.294117647,17.647058823000002,2.352941176,4.117647058999999,0.0,8.235294116999999,0,Jeremy Bonderman
0.0,8.947368421,0.0,0.0,0.0,0.0,0.0,0.0,0.0,0.0,0,Matthew Bowman
0.0,3.157894737,0.0,18.421052632,0.0,0.0,0.0,0.0,0.0,0.0,0,Brad Boxberger
0.0,0.0,3.157894737,0.0,0.0,0.0,0.0,0.0,0.0,5.263157895,0,Matt Boyd
0.0,8.105263158,0.0,0.0,0.0,0.0,0.0,0.0,0.0,0.0,0,Blaine Boyer
0.0,8.421052631,0.0,5.263157894,0.0,0.0,0.0,0.0,0.0,0.0,0,Brad Brach
0.0,0.0,0.0,0.0,0.0,0.0,2.9411764710000003,0.0,4.705882353,0.0,0,Dallas Braden
0.0,8.421052632,0.0,0.0,0.0,0.0,0.0,0.0,0.0,0.0,0,Archie Bradley
0.0,9.5,0.0,0.0,0.0,0.0,0.0,0.0,0.0,0.0,0,Bill Bray
0.0,4.0,0.0,4.0,0.0,0.0,0.0,0.0,0.0,0.0,0,Yhency Brazoban
0.0,22.941176471,0.0,0.0,0.0,0.0,0.0,0.0,0.0,0.0,0,Craig Breslow
0.0,7.894736842,0.0,31.052631579,0.0,0.0,0.0,0.0,0.0,0.0,0,Zach Britton
0.0,15.0,0.0,3.157894737,0.0,0.0,0.0,0.0,0.0,0.0,0,Rex Brothers
0.0,11.5,0.0,18.117647059,0.0,0.0,0.0,0.0,0.0,0.0,0,Jonathan Broxton
0.0,0.0,0.0,1.0,0.0,0.0,0.0,0.0,0.0,0.0,0,Brian Bruney
6.470588235,0.0,0.0,0.0,0.0,0.0,9.411764706,9.411764706,0.0,7.058823529,0,Clay Buchholz
43.777089783,0.0,82.879256967,0.0,72.19504643899998,8.823529412,35.634674923999995,17.554179567,20.684210526999998,8.823529412000001,0,Mark Buehrle
35.157894737999996,0.0,36.184210527,0.0,35.921052632,43.631578948,35.263157895,19.394736843,0.0,32.842105263,0,Madison Bumgarner
3.157894737,0.0,3.157894737,0.0,0.0,3.157894736,2.105263158,5.263157894000001,0.526315789,6.315789474,0,Dylan Bundy
17.5,0.0,38.823529412,0.0,23.283281734,52.27244582,16.825077399,8.705882353,9.289473684,36.207430341,0,A. J. Burnett
0.0,1.176470588,0.0,0.0,0.0,0.0,0.0,0.0,0.0,0.0,0,Alex Burnett
0.0,4.0,0.0,0.0,0.0,0.0,0.0,0.0,0.0,0.0,0,Sean Burnett
0.0,5.263157895,0.0,0.0,0.0,0.0,0.0,0.0,0.0,0.0,0,Jared Burton
0.5,0.0,0.5,0.0,1.5,3.5,0.0,0.0,0.0,10.0,0,Dave Bush
0.0,0.0,0.0,1.052631579,0.0,0.0,0.0,0.0,0.0,0.0,0,Matt Bush
0.0,5.5,0.0,0.0,0.0,0.0,0.0,0.0,0.0,0.0,0,Tim Byrdak
8.235294117999999,0.0,16.352941176,0.0,3.264705882,0.0,8.235294117999999,7.647058824,10.0,10.911764706,0,Trevor Cahill
16.5,0.0,28.5,0.0,39.5,30.5,31.5,14.5,3.0,54.815789474,0,Matt Cain
0.0,5.263157895,0.0,0.0,0.0,0.0,0.0,0.0,0.0,0.0,0,Arquimedes Caminero
0.0,19.235294118,0.0,0.0,0.0,0.0,0.0,0.0,0.0,0.0,0,Shawn Camp
0.0,19.470588235,0.0,23.294117646000004,0.0,0.0,0.0,0.0,0.0,0.0,0,Matt Capps
8.5,0.0,9.5,0.0,11.0,9.5,2.5,1.0,0.0,2.0,0,Chris Capuano
9.411764706,0.0,14.117647058999998,0.0,8.823529412,0.0,9.411764706,6.470588235,0.0,6.470588235,0,Roberto Hernandez
39.5,0.0,15.323529412000001,0.0,29.852941176,31.117647059,27.5,37.029411765,0.0,30.0,0,Chris Carpenter
24.736842105999997,0.0,6.315789473,0.0,12.105263158,24.210526316,15.263157894999999,12.105263158,3.684210526,17.894736842,0,Carlos Carrasco
0.0,0.0,1.052631579,0.0,0.0,0.0,10.526315789,0.0,2.631578947,11.052631579,0,Andrew Cashner
0.0,0.0,1.052631579,0.0,0.0,2.105263158,0.0,0.0,10.0,0.526315789,0,Luis Castillo
4.705882353,7.368421053,0.0,0.0,0.0,0.0,0.0,5.882352941000001,0.0,0.0,0,Brett Cecil
16.315789474,0.0,17.894736842,0.0,6.315789474,0.0,6.315789474,6.315789474,2.631578947,20.184210526999998,0,Jhoulys Chacin
0.0,13.684210526000001,0.0,0.0,0.0,0.0,0.0,0.0,0.0,0.0,0,Andrew Chafin
0.0,7.647058824,0.0,0.0,0.0,0.0,0.0,0.0,0.0,0.0,0,Joba Chamberlain
0.0,0.0,0.0,52.157894737,0.0,0.0,0.0,0.0,0.0,0.0,0,Aroldis Chapman
0.526315789,0.0,0.0,0.0,0.0,0.0,0.0,0.0,0.0,0.0,0,Tyler Chatwood
0.0,2.5,0.0,0.0,0.0,0.0,0.0,0.0,0.0,0.0,0,Jesse Chavez
0.0,0.0,10.0,0.0,1.764705882,0.0,0.0,4.117647059,0.0,5.294117647,0,Bruce Chen
9.009287926,0.0,5.758513932,0.0,3.99380805,0.0,6.842105263,8.421052631,8.947368421,0.0,0,Wei-Yin Chen
0.0,13.052631579,0.0,0.0,0.0,0.0,0.0,0.0,0.0,0.0,0,Randy Choate
0.0,0.0,0.0,3.157894737,0.0,0.0,0.0,0.0,0.0,0.0,0,Tony Cingrani
0.0,9.473684211,0.0,22.0,0.0,0.0,0.0,0.0,0.0,0.0,0,Steve Cishek
0.0,6.315789474,0.0,1.5789473680000001,0.0,0.0,0.0,0.0,0.0,0.0,0,Alex Claudio
4.736842105,0.0,7.368421053,0.0,7.368421053,5.263157895,7.368421053,6.315789473,0.0,7.368421053,0,Mike Clevinger
0.0,32.078947369,0.0,10.157894737,0.0,0.0,0.0,0.0,0.0,0.0,0,Tyler Clippard
0.526315789,0.0,0.0,0.0,2.105263158,0.0,12.105263158,0.0,0.0,12.105263158,0,Alex Cobb
0.0,14.5,0.0,0.0,0.0,0.0,0.0,0.0,0.0,0.0,0,Todd Coffey
0.0,12.941176471,0.0,0.0,0.0,0.0,0.0,0.0,0.0,0.0,0,Phil Coke
16.315789474000002,0.0,22.631578947999998,0.0,23.684210526,20.000000001,16.842105263,25.789473684999997,0.0,16.315789474000002,0,Gerrit Cole
0.0,9.411764706,0.0,0.0,0.0,0.0,0.0,0.0,0.0,0.0,0,Tim Collins
0.0,0.0,0.0,0.0,0.0,0.0,0.0,0.0,0.0,1.5789473680000001,0,Josh Collmenter
0.0,4.210526316,0.0,20.0,0.0,0.0,0.0,0.0,0.0,0.0,0,Alex Colome
68.48297213699999,0.0,41.764705883000005,0.0,36.749226005000004,39.411764706,40.216718266,41.20743034,7.089783281,27.647058824,0,Bartolo Colon
6.470588235000001,0.0,0.0,0.0,0.588235294,7.058823529,4.705882353,5.882352941000001,0.0,14.117647059000001,0,Jose Contreras
7.0,0.0,1.0,0.0,9.0,0.0,0.5,11.5,0.0,0.0,0,Aaron Cook
0.0,8.79256966,0.0,1.176470588,0.0,0.0,0.0,0.0,0.0,0.0,0,Ryan Cook
11.052631579,0.0,23.157894737,0.0,17.368421052,13.684210526,8.421052632,10.52631579,7.894736842,7.8947368419999995,0,Patrick Corbin
0.0,15.676470587999999,0.0,66.588235294,0.0,0.0,0.0,0.0,0.0,0.0,0,Francisco Cordero
0.0,11.5,0.0,4.0,0.0,0.0,0.0,0.0,0.0,0.0,0,Manny Corpas
0.5,0.0,7.0,0.0,1.0,0.0,0.0,0.0,0.0,0.0,0,Kevin Correia
0.0,17.894736842,0.0,0.0,0.0,0.0,0.0,0.0,0.0,0.0,0,Neal Cotts
0.0,7.894736842,0.0,0.0,0.0,0.0,0.0,0.0,0.0,0.0,0,Danny Coulombe
0.0,19.411764706,0.0,0.0,0.0,0.0,0.0,7.647058824,0.0,0.0,0,Jesse Crain
0.0,6.470588235,0.0,0.0,0.0,0.0,0.0,0.0,0.0,0.0,0,Aaron Crow
27.421052632,0.0,17.315789474,0.0,26.947368421,19.368421053,26.368421053,28.368421053,13.0,13.157894737,0,Johnny Cueto
6.470588234999999,0.0,17.616099071,0.0,7.058823529,4.117647059,12.941176471,0.0,1.764705882,14.117647059,0,John Danks
9.690402476,0.0,4.210526316,0.0,4.860681114,22.910216718999997,8.421052632,9.102167182,0.0,18.823529412,0,Yu Darvish
0.0,0.0,2.352941176,0.0,0.0,0.0,0.0,0.0,0.0,0.0,0,Kyle Davies
9.473684211,0.0,10.0,0.0,5.789473684,0.0,2.631578947,5.789473684000001,0.0,0.0,0,Zach Davies
1.0,0.0,21.5,0.0,11.0,14.5,4.5,0.0,7.647058824,10.5,0,Doug Davis
0.0,7.368421052,0.0,26.315789474,0.0,0.0,0.0,0.0,8.235294117999999,0.0,0,Wade Davis
14.210526316,0.0,8.947368421,0.0,19.473684211,25.263157896000003,23.684210526999998,7.894736842,0.0,21.578947368,0,Jacob deGrom
0.0,7.894736842,0.0,0.0,0.0,0.0,0.0,0.0,0.0,0.0,0,Dane De La Rosa
22.157894737,0.0,5.710526316,0.0,0.0,6.5,0.0,15.973684211,0.0,7.289473684,0,Jorge De La Rosa
6.842105263,0.0,5.263157895,0.0,0.526315789,0.0,0.0,3.157894737,0.0,0.0,0,Rubby De La Rosa
0.0,8.947368421,0.0,0.0,0.0,0.0,0.0,0.0,0.0,0.0,0,Randall Delgado
24.0,3.5,35.5,18.0,25.0,35.5,15.0,9.0,1.5789473680000001,12.5,0,Ryan Dempster
0.0,0.0,1.052631579,0.0,0.0,0.0,0.0,0.0,0.0,0.0,0,Anthony DeSclafani
0.0,0.0,0.0,0.0,0.0,0.0,4.0,0.0,0.0,4.0,0,Ross Detwiler
0.588235294,0.0,0.0,0.0,0.0,0.0,2.9411764710000003,0.588235294,0.0,0.0,0,Scott Diamond
0.0,8.421052632,0.0,22.105263158,0.0,0.0,0.0,0.0,0.0,0.0,0,Edwin Diaz
18.447368421,0.0,33.631578948,0.0,33.973684211999995,7.315789473999999,21.0,9.0,10.0,19.026315789,0,R. A. Dickey
0.0,7.894736842,0.0,0.0,0.0,0.0,0.0,0.0,0.0,0.0,0,Jake Diekman
0.0,0.0,0.0,4.736842105,0.0,0.0,0.0,0.0,0.0,0.0,0,Seranthony Dominguez
0.0,2.631578947,0.0,17.368421053,0.0,0.0,0.0,0.0,0.0,0.0,0,Sean Doolittle
0.0,19.382352941,0.0,17.058823529,0.0,0.0,0.0,0.0,0.0,0.0,0,Octavio Dotel
0.0,0.0,0.0,0.0,0.0,3.529411765,0.0,5.263157895,0.0,0.0,0,Felix Doubront
0.0,10.588235294,0.0,0.588235294,0.0,0.0,0.0,0.0,0.0,0.0,0,Scott Downs
0.0,7.8947368419999995,0.0,0.0,0.0,0.0,0.0,0.0,0.0,0.0,0,Brian Duensing
1.5789473680000001,0.0,0.0,0.0,0.0,5.789473684,4.210526316,0.0,0.0,4.210526316,0,Danny Duffy
0.0,18.947368421,9.0,0.0,9.0,0.0,0.0,0.0,0.0,0.0,0,Zach Duke
0.0,5.789473684,0.0,0.0,0.0,0.0,0.0,0.0,0.0,0.0,0,Ryan Dull
0.0,21.578947369,0.0,0.0,0.0,0.0,0.0,4.210526316,0.0,0.0,0,Mike Dunn
0.0,5.5,0.0,0.0,0.0,0.0,0.0,0.0,0.0,0.0,0,Chad Durbin
0.0,16.315789474,0.0,11.052631579,0.0,0.0,0.0,0.0,0.0,0.0,0,Sam Dyson
0.0,7.368421053,0.0,0.0,0.0,0.0,0.0,0.0,0.0,0.0,0,Carl Edwards
0.526315789,0.0,0.0,0.0,0.0,0.0,0.0,3.157894737,0.0,0.0,0,Zach Eflin
0.0,0.0,8.947368421,0.0,6.315789474,1.052631579,2.631578947,0.0,0.0,0.0,0,Jerad Eickhoff
0.0,0.0,0.0,0.0,0.0,0.0,0.0,0.0,0.0,1.5789473680000001,0,Roenis Elias
6.315789474,0.0,8.421052632,0.0,2.631578947,0.0,0.0,10.0,0.0,0.0,0,Nathan Eovaldi
4.210526316,0.0,8.947368421,0.0,4.736842105,5.263157894,12.631578947000001,2.631578947,0.0,23.157894737,0,Marco Estrada
0.0,24.736842105,0.0,24.210526316,0.0,0.0,0.0,0.0,0.0,0.0,0,Jeurys Familia
0.0,18.147058824,0.0,4.705882353,0.0,0.0,0.0,0.0,0.0,0.0,0,Kyle Farnsworth
0.0,0.0,0.0,2.105263158,0.0,0.0,0.0,0.0,0.0,0.0,0,Danny Farquhar
8.235294117999999,0.0,0.0,0.0,0.0,0.0,0.0,6.470588235,0.0,2.352941176,0,Scott Feldman
0.0,8.5,0.0,0.0,0.0,0.0,0.0,0.0,0.0,0.0,0,Pedro Feliciano
0.0,4.705882353,0.0,18.049535604000003,0.0,0.0,0.0,0.0,0.0,0.0,0,Neftali Feliz
7.894736842,0.0,0.0,0.0,0.526315789,12.631578948,16.315789474,14.736842105000001,7.894736842,16.315789474,0,Jose Fernandez
0.0,14.736842105000001,0.0,0.0,0.0,0.0,0.0,0.0,0.0,0.0,0,Casey Fien
2.631578947,0.0,0.526315789,0.0,0.0,0.0,5.263157895,1.052631579,0.0,0.0,0,Mike Fiers
0.0,0.0,1.5789473680000001,0.0,0.0,0.0,0.0,0.0,7.894736842,3.684210526,0,Brandon Finnegan
14.736842105,0.0,8.421052632,0.0,6.687306502,0.0,17.182662539,12.105263158,4.210526316,2.352941176,0,Doug Fister
0.0,0.0,0.0,0.0,0.0,4.736842105,0.0,0.0,0.0,0.0,0,Jack Flaherty
7.647058823,0.0,7.647058824,0.0,4.705882353,3.529411765,0.0,5.294117647,0.0,11.176470588,0,Gavin Floyd
3.684210526,0.0,1.052631579,0.0,4.210526316,7.368421053,7.368421053,0.526315789,0.0,7.894736842,0,Mike Foltynewicz
0.0,0.0,0.0,12.147058824,0.0,0.0,0.0,0.0,0.0,0.0,0,Frank Francisco
15.5,0.0,14.0,0.0,7.5,4.0,0.0,6.5,3.5,5.0,0,Jeff Francis
0.0,4.0,0.0,19.0,3.529411765,0.0,5.294117647,0.0,0.0,4.117647058999999,0,Ryan Franklin
0.0,1.764705882,0.0,5.294117647,0.0,0.0,0.0,0.0,0.0,0.0,0,Jason Frasor
8.421052632,0.0,9.473684211,0.0,7.894736842,3.157894737,7.894736842,7.368421053,0.0,3.157894737,0,Kyle Freeland
0.0,0.0,0.0,11.486068111,0.0,0.0,0.0,0.0,0.0,0.0,0,Ernesto Frieri
0.0,14.617647059,0.0,40.294117647,0.0,0.0,0.0,0.0,0.0,0.0,0,Brian Fuentes
0.0,0.0,0.0,0.0,0.0,0.0,4.210526316,2.631578947,0.0,5.789473684,0,Michael Fulmer
0.0,5.263157895,0.0,0.0,0.0,0.0,0.0,0.0,0.0,0.0,0,Charlie Furbush
0.588235294,0.0,0.0,0.0,0.0,0.0,1.176470588,4.705882353,0.0,9.411764706,0,Armando Galarraga
27.210526316,0.0,23.184210526999998,0.0,6.5,29.5,7.236842105,17.0,3.5,15.5,0,Yovani Gallardo
31.764705883999994,0.0,42.94117647,0.0,33.529411765,31.176470588999997,21.764705882,29.411764706,3.529411765,21.764705882,0,Freddy Garcia
0.0,2.5,0.0,27.078947368999998,0.0,0.0,0.0,0.0,0.0,0.0,0,Santiago Casilla
6.5,0.0,0.0,0.0,0.0,0.0,8.5,13.736842105000001,4.0,0.0,0,Jaime Garcia
0.0,1.052631579,0.0,0.0,0.0,0.0,0.0,0.0,0.0,0.0,0,Jarlin Garcia
0.0,3.684210526,0.0,0.0,0.0,0.0,0.0,0.0,0.0,0.0,0,Luis Garcia
27.352941176999998,0.0,33.911764705,0.0,25.264705882,0.0,5.794117647,14.11764706,7.05882353,9.294117647,0,Jon Garland
4.705882353,0.0,4.705882352,0.0,2.94117647,11.294117647,6.94117647,0.0,3.684210526,21.442724458,0,Matt Garza
0.0,0.0,10.0,0.0,0.0,0.588235294,0.0,0.0,0.0,0.0,0,Chad Gaudin
0.0,0.0,10.0,0.0,5.263157895,8.947368421,4.736842105,0.0,0.0,0.526315789,0,Kevin Gausman
0.0,1.052631579,0.0,0.0,0.0,0.0,0.0,0.0,0.0,0.0,0,Cory Gearrin
4.5,0.0,5.789473684,0.0,1.052631579,0.0,0.0,8.0,2.105263158,0.0,0,Dillon Gee
0.0,5.789473684,0.0,0.0,0.0,0.0,0.0,0.0,0.0,0.0,0,Steve Geltz
1.052631578,0.0,14.210526316,0.0,8.947368421,1.5789473680000001,4.210526316,0.0,0.0,3.684210526,0,Kyle Gibson
0.0,4.210526316,0.0,20.0,0.0,0.0,0.0,0.0,0.0,0.0,0,Ken Giles
0.0,0.0,7.368421053,0.0,0.0,0.0,0.0,0.0,0.0,0.0,0,Lucas Giolito
0.0,8.421052632,0.0,0.0,0.0,0.0,0.0,0.0,0.0,0.0,0,Mychal Givens
7.368421053,0.0,5.789473684,0.0,2.105263158,6.842105263,0.0,2.631578947,0.0,0.0,0,Zack Godley
0.0,0.526315789,0.0,7.894736842,0.0,0.0,0.0,0.0,0.0,0.0,0,Jeanmar Gomez
21.309597523999997,0.0,41.430340557,0.0,8.956656347,27.664086686,25.982972136,15.054179565999998,0.0,32.069659443,0,Gio Gonzalez
4.210526316,0.0,0.0,0.0,0.0,0.0,1.052631579,0.0,0.0,0.0,0,Marco Gonzales
0.0,17.421052632,0.0,9.0,0.0,0.0,0.0,0.0,0.0,0.0,0,Mike Gonzalez
0.0,0.0,0.0,0.0,0.0,0.0,0.0,0.0,0.0,3.684210526,0,Miguel Gonzalez
4.5,0.0,0.5,0.0,2.0,0.0,3.0,1.5,4.0,0.0,0,Tom Gorzelanny
0.0,10.0,0.0,0.0,0.0,0.0,0.0,0.0,0.0,0.0,0,John Grabow
2.105263158,0.0,1.052631579,0.0,0.0,11.052631579,0.0,1.5789473680000001,0.0,2.105263158,0,Jon Gray
8.947368421,0.0,7.368421053,0.0,13.157894737,10.526315789,20.526315789999998,7.368421053,0.0,24.210526316,0,Sonny Gray
0.0,14.382352941,0.0,0.0,0.0,0.0,0.0,0.0,0.0,0.0,0,Sean Green
0.0,7.368421053,0.0,8.421052632,0.0,0.0,0.0,0.0,0.0,0.0,0,Shane Greene
0.0,25.973684211,0.0,8.394736842,0.0,0.0,0.0,0.0,0.0,0.0,0,Luke Gregerson
0.0,0.5,0.0,34.606811146,0.0,0.0,0.0,0.0,0.0,0.0,0,Kevin Gregg
57.716718267,0.0,51.547987617,0.0,47.647058825,54.956656347,52.074303406999995,55.373065015,3.157894736,39.806501548,1,Zack Greinke
6.315789474,0.0,4.210526316,0.0,0.526315789,1.5789473680000001,0.0,0.526315789,4.736842105,7.894736842,0,A. J. Griffin
0.0,0.0,0.0,11.578947368,0.0,0.0,0.0,0.0,0.0,0.0,0,Jason Grilli
0.0,5.789473684,0.0,0.0,0.0,0.0,0.0,0.0,0.0,0.0,0,Justin Grimm
0.0,0.0,0.0,1.052631579,0.0,0.0,0.0,0.0,0.0,0.0,0,Robert Gsellman
0.0,0.0,0.0,3.0,0.0,0.0,0.0,0.0,0.0,0.0,0,Javy Guerra
0.0,35.294117647,0.0,0.0,0.0,0.0,0.0,0.0,0.0,0.0,0,Matt Guerrier
7.8947368419999995,0.0,26.625386997,0.0,14.303405571999999,0.0,5.294117647,0.0,12.94117647,9.411764706,0,Jeremy Guthrie
0.0,0.0,0.0,2.0,0.0,0.0,0.0,0.0,0.0,0.0,0,J. C. Gutierrez
57.05882353,0.0,38.088235294,0.0,66.970588236,50.852941177,63.205882353999996,68.50000000099999,7.5,27.941176471,1,Roy Halladay
29.289473684,0.0,28.684210526999998,0.0,47.02631579,59.052631579,46.710526316,31.052631579,9.0,42.5,0,Cole Hamels
5.263157895,0.0,6.842105263,0.0,3.157894737,2.105263158,0.526315789,3.657894736,0.0,4.210526315,0,Jason Hammel
0.0,15.263157894999999,0.0,11.578947369,0.0,0.0,0.0,0.0,0.0,0.0,0,Brad Hand
0.0,3.5,0.0,16.0,0.0,0.0,0.0,0.0,0.0,0.0,0,Joel Hanrahan
0.0,0.0,9.5,0.0,2.0,2.0,2.0,2.5,5.5,3.0,0,Tommy Hanson
18.394736843,0.0,7.3684210530000005,0.0,4.736842105,3.684210526,17.552631579,25.815789474,13.684210526,16.157894737,0,J. A. Happ
15.0,0.0,18.921052632,0.0,25.289473684,10.5,11.5,18.0,9.5,6.0,0,Aaron Harang
0.0,0.0,0.0,0.0,0.0,8.382352941,4.117647058999999,2.9411764710000003,0.0,8.235294117999999,0,Rich Harden
0.0,5.789473684,0.0,0.0,0.0,0.0,0.0,0.0,0.0,0.0,0,Blaine Hardy
28.434984520999997,0.0,61.297213623,0.0,48.176470589,43.205882352,27.111455108,13.794117646999998,16.130030959000003,16.699690402,0,Dan Haren
0.0,0.0,4.0,0.0,0.0,0.0,0.0,0.0,0.0,0.0,0,Lucas Harrell
11.764705883000001,0.0,4.705882353,0.0,6.470588235,0.0,8.235294117,7.647058823,0.0,0.0,0,Matt Harrison
0.0,4.210526316,0.0,1.5789473680000001,0.0,0.0,0.0,0.0,0.0,0.0,0,Will Harris
4.210526316,0.0,0.0,0.0,1.052631579,8.421052632,16.315789474,4.210526316,0.0,15.263157894999999,0,Matt Harvey
0.0,15.393188855,12.352941176000002,18.007739938000004,0.0,0.0,0.0,0.0,0.0,0.0,0,LaTroy Hawkins
0.0,0.0,0.526315789,0.0,2.631578947,2.105263158,0.526315789,0.0,6.842105263,0.0,0,Andrew Heaney
0.0,20.0,0.0,0.0,0.0,0.0,0.0,0.0,0.0,0.0,0,Aaron Heilman
1.1145510829999998,0.0,6.904024767999999,0.0,3.157894737,0.0,15.046439628,0.0,0.0,12.229102167999999,0,Jeremy Hellickson
0.0,0.0,0.0,4.736842105,0.0,0.0,0.0,0.0,0.0,0.0,0,Jim Henderson
13.684210526000001,0.0,14.736842106000001,0.0,10.0,1.5789473680000001,13.684210526000001,6.842105263,8.421052632,13.157894737,0,Kyle Hendricks
0.0,6.315789474,0.0,0.0,0.0,0.0,0.0,0.0,0.0,0.0,0,Liam Hendriks
0.0,0.0,0.0,0.0,0.0,0.0,5.5,0.0,0.0,5.5,0,Clay Hensley
0.0,5.026315789,0.0,2.0,0.0,0.0,0.0,0.0,0.0,0.0,0,David Hernandez
31.733746131,0.0,45.758513932,0.0,52.910216718,73.219814242,54.055727555,32.321981424,8.823529412000001,41.609907121,0,Felix Hernandez
22.5,0.0,49.5,0.0,44.0,17.5,13.0,4.0,10.5,4.0,0,Livan Hernandez
0.0,26.780185759,0.0,11.052631579,0.0,0.0,0.0,0.0,0.0,0.0,0,Kelvin Herrera
2.105263158,0.0,1.052631579,0.0,0.0,0.0,0.0,0.0,0.0,0.0,0,Chris Heston
0.0,6.315789474,0.0,0.0,0.0,0.0,0.0,0.0,0.0,0.0,0,Jordan Hicks
0.0,8.421052632,0.0,0.0,0.0,0.0,0.0,0.0,0.0,0.0,0,Trevor Hildenberger
2.105263157,0.0,0.5,0.0,0.0,10.105263158,1.5,9.447368421,7.0,7.5,0,Rich Hill
0.0,4.210526316,0.0,0.0,0.0,0.0,0.0,0.0,0.0,0.0,0,Tim Hill
0.0,7.894736842,0.0,0.0,0.0,0.0,0.0,0.0,0.0,0.0,0,Yoshihisa Hirano
0.0,0.0,4.705882353,0.0,0.0,0.0,0.0,0.0,0.0,0.0,0,Luke Hochevar
8.823529412,0.0,10.773993808,0.0,6.315789474,7.894736842,5.789473684,14.705882353000002,21.083591331,6.037151702,0,Derek Holland
0.0,0.0,0.0,37.616099072,0.0,0.0,0.0,0.0,0.0,0.0,0,Greg Holland
0.0,1.176470588,0.0,2.9411764710000003,0.0,0.0,0.0,0.0,0.0,0.0,0,J. P. Howell
7.5,5.263157894,8.5,0.0,8.0,2.0,1.5,1.0,0.0,0.0,0,Daniel Hudson
66.147058824,0.0,59.676470589,0.0,58.500000001,24.117647058000003,62.05882353,55.588235294,10.394736842,36.352941177,1,Tim Hudson
0.0,12.105263158,0.0,0.0,0.0,0.0,0.0,0.0,0.0,0.0,0,Jared Hughes
23.715170279,0.0,9.969040247999999,0.0,6.439628483,8.018575851,0.526315789,9.752321982,7.368421053,0.588235294,0,Phil Hughes
0.0,0.0,0.0,0.0,0.0,0.0,0.0,0.0,0.0,0.588235294,0,Philip Humber
0.0,0.0,0.0,0.526315789,0.0,0.0,0.0,10.0,0.0,0.0,0,Tommy Hunter
4.210526316,0.0,5.263157895,0.0,0.0,6.315789474,0.0,8.421052632,0.0,0.0,0,Drew Hutchison
0.0,0.0,0.0,15.263157894999999,0.0,0.0,0.0,0.0,0.0,0.0,0,Raisel Iglesias
0.0,1.0,0.0,48.529411764,0.0,0.0,0.0,0.0,0.0,0.0,0,Jason Isringhausen
20.000000001,0.0,16.842105264,0.0,13.684210526000001,4.210526316,10.0,10.52631579,0.0,8.421052632,0,Hisashi Iwakuma
5.882352940999999,0.0,8.235294117999999,0.0,6.470588235,3.352941176,6.470588235,1.176470588,17.473684211,5.441176471,0,Edwin Jackson
0.0,10.526315789,0.0,54.973684211,0.0,0.0,0.0,0.0,0.0,0.0,0,Kenley Jansen
0.0,4.117647058999999,0.0,14.52012384,0.0,0.0,0.0,0.0,0.0,0.0,0,Casey Janssen
0.0,10.0,0.0,10.0,0.0,0.0,0.0,0.0,0.0,0.0,0,Jeremy Jeffress
0.0,1.176470588,0.0,36.470588235,0.0,0.0,0.0,0.0,0.0,0.0,0,Bobby Jenks
0.0,13.157894737,0.0,0.0,0.0,0.0,0.0,0.0,0.0,0.0,0,Dan Jennings
0.0,19.59752322,0.0,1.5789473680000001,0.0,0.0,0.0,0.0,0.0,0.0,0,Kevin Jepsen
20.657894736000003,0.0,27.140866873,0.0,15.0,28.947368421,14.263157894999999,3.605263158,0.0,24.789473684,0,Ubaldo Jimenez
0.0,21.052631579,0.0,34.334365324000004,0.0,0.0,0.0,0.0,0.0,0.0,0,Jim Johnson
9.0,0.0,7.0,0.0,4.0,10.0,4.5,22.0,0.0,9.5,0,Josh Johnson
0.0,9.47368421,0.0,0.0,0.0,0.0,0.0,0.0,0.0,0.0,0,Nate Jones
0.0,0.0,0.526315789,0.0,1.5789473680000001,0.526315789,0.0,0.0,0.0,0.0,0,Jakob Junis
10.5,0.0,1.0,0.0,6.0,0.0,12.5,10.5,0.0,4.5,0,Jair Jurrjens
0.0,4.210526316,0.0,0.0,0.0,0.0,0.0,0.0,0.0,0.0,0,Tommy Kahnle
0.0,0.0,0.0,0.0,0.0,0.0,3.5,0.0,0.0,0.0,0,Jeff Karstens
6.315789474,0.0,16.315789474,0.0,2.9411764710000003,28.575851393,14.891640867,7.492260062,1.052631579,17.832817336,0,Scott Kazmir
0.0,2.105263158,0.0,5.263157895,0.0,0.0,0.0,0.0,0.0,0.0,0,Keone Kela
0.0,8.421052632,0.0,0.0,0.0,0.0,0.0,3.684210526,0.0,0.0,0,Joe Kelly
0.0,0.0,4.210526316,0.0,1.5789473680000001,0.0,0.0,0.0,1.5789473680000001,0.0,0,Kyle Kendrick
6.052631579,0.0,27.394736842999997,0.0,19.815789474,28.289473684,10.157894737,1.0,0.0,20.315789474,0,Ian Kennedy
42.342105263,0.0,28.973684211,0.0,40.973684211,61.921052632,54.947368421,54.578947369,10.0,47.815789474999995,0,Clayton Kershaw
18.421052631,0.0,19.473684211,0.0,20.526315789,7.894736842,18.947368421,16.315789474,4.210526315,9.473684211,0,Dallas Keuchel
0.0,11.078947368,0.0,55.157894737999996,0.0,0.0,0.0,0.0,0.0,0.0,0,Craig Kimbrel
0.0,1.5789473680000001,0.0,10.0,0.0,0.0,0.0,0.0,0.0,0.0,0,Brandon Kintzler
38.421052632,0.0,30.0,0.0,44.736842106,43.684210527,38.947368421,36.315789474,4.736842105,38.947368421,0,Corey Kluber
0.0,10.0,0.0,13.684210526000001,0.0,0.0,0.0,0.0,0.0,0.0,0,Corey Knebel
0.0,0.0,14.210526316,0.0,0.0,0.0,0.0,0.0,0.526315789,0.0,0,Tom Koehler
0.0,5.263157895,0.0,0.0,0.0,0.0,0.0,0.0,0.0,0.0,0,George Kontos
0.0,0.0,3.157894737,0.0,0.0,0.0,0.0,0.0,0.0,0.0,0,Chad Kuhl
0.0,0.0,0.0,1.5,0.0,0.0,0.0,0.0,0.0,0.0,0,Hung-Chih Kuo
11.558823529,0.0,17.708978328999997,0.0,11.340557275999998,3.529411765,19.119195046,2.9411764710000003,5.882352941000001,2.114551083,0,Hiroki Kuroda
25.789473684,0.0,42.352941176,0.0,34.117647059,34.365325078000005,40.92879257,23.808049535000002,8.452012384,22.105263158,0,John Lackey
0.0,0.0,15.5,0.0,3.5,0.0,0.0,0.0,0.0,1.0,0,John Lannan
12.763157894999999,0.0,6.789473684,0.0,12.842105263,16.157894737,13.657894737,17.894736842,6.0,21.5,0,Mat Latos
0.0,4.705882353,0.0,9.876160991,0.0,0.0,0.0,0.0,0.0,0.0,0,Brandon League
5.263157895,0.0,11.578947369,0.0,13.684210526000001,0.0,0.0,8.894736842,3.157894736,4.1578947369999995,0,Mike Leake
0.0,0.0,0.0,0.0,0.0,0.0,3.157894737,0.0,0.0,0.526315789,0,Wade LeBlanc
0.0,0.0,0.0,1.5789473680000001,0.0,0.0,0.0,0.0,0.0,0.0,0,Jose Leclerc
39.057275542,0.0,12.94117647,0.0,38.56501548,42.179566564,40.015479876,38.145510836,20.529411765,17.716718265999997,0,Cliff Lee
63.653250775,0.0,59.535603716,0.0,47.399380805,53.126934984,46.501547988999995,51.888544892,27.368421053,40.12383901,0,Jon Lester
10.835913313,0.0,14.179566563,0.0,4.736842105,6.470588235,1.176470588,6.315789474,10.0,4.705882353,0,Colby Lewis
0.0,19.5,0.0,48.0,0.0,3.0,0.0,0.0,0.0,0.0,0,Brad Lidge
18.352941176,0.0,20.176470588,0.0,9.0,23.852941176,11.441176471,13.0,5.5,38.441176471,0,Ted Lilly
30.0,0.0,30.289473684,0.0,29.5,24.263157895,28.0,12.026315789,7.0,20.5,0,Tim Lincecum
0.0,4.0,0.0,0.0,0.0,0.0,0.0,0.0,0.0,0.0,0,Josh Lindblom
0.0,8.947368421,0.0,6.5,0.0,0.0,0.0,0.0,0.0,0.0,0,Matt Lindstrom
0.0,4.5,0.0,0.0,0.0,0.0,0.0,0.0,0.0,0.0,0,Scott Linebrink
12.817337461000001,0.0,1.052631579,0.0,0.0,19.071207431,6.037151702,13.157894737,0.0,15.263157894999999,0,Francisco Liriano
0.588235294,0.0,0.0,0.0,0.0,0.0,2.9411764710000003,0.588235294,0.0,0.0,0,Jesse Litsch
0.0,0.0,0.0,0.0,0.0,0.0,0.0,1.052631579,0.0,2.105263158,0,Jeff Locke
0.0,12.352941176,0.0,0.0,0.0,0.0,0.0,0.0,0.0,0.0,0,Boone Logan
20.817337461,0.0,27.995356037,0.0,9.526315789,0.0,11.526315789,15.667182662,7.382352941000001,4.5,0,Kyle Lohse
0.0,21.06501548,0.0,0.0,0.0,0.0,0.0,0.0,0.0,0.0,0,Javier Lopez
0.0,0.0,7.368421053,0.0,4.210526316,0.0,1.5789473680000001,0.0,0.0,4.210526316,0,Reynaldo Lopez
15.294117647,0.0,17.5,0.0,4.529411765,1.176470588,10.588235294,4.705882352,0.0,10.588235294,0,Rodrigo Lopez
0.0,10.921052632,0.0,1.0,0.0,0.0,0.0,0.0,0.0,0.0,0,Wilton Lopez
0.0,2.631578947,0.0,0.0,0.0,0.0,0.0,0.0,0.0,0.0,0,Michael Lorenzen
0.0,10.0,0.0,0.0,0.0,0.0,0.0,0.0,0.0,0.0,0,Aaron Loup
42.941176471,15.882352941999999,33.029411764,17.058823529999998,21.794117647,1.0,25.911764706,27.117647059,15.705882353000002,15.823529412000001,0,Derek Lowe
0.0,8.823529412000001,0.0,0.0,0.0,0.0,0.0,0.0,0.0,0.0,0,Mark Lowe
24.289473684999997,0.0,28.947368421999997,0.0,11.578947369,12.447368421,16.842105263,13.315789472999999,2.0,9.473684211,0,Lance Lynn
0.0,7.5,0.0,9.5,0.0,0.0,0.0,0.0,0.0,0.0,0,Brandon Lyon
0.0,3.529411764,0.0,13.088235294,0.0,0.0,0.0,0.0,0.0,0.0,0,Mike MacDougal
0.0,2.631578947,0.0,0.0,0.0,0.0,0.0,0.0,0.0,0.0,0,Jean Machi
0.0,25.105263158,0.0,11.289473684,0.0,0.0,0.0,1.0,0.0,0.0,0,Ryan Madson
11.578947368000001,0.0,6.315789474,0.0,0.0,4.210526316,3.157894737,5.789473684,0.0,4.736842105,0,Kenta Maeda
0.0,0.0,0.0,0.0,4.5,0.0,3.5,0.0,0.0,0.0,0,Paul Maholm
6.5,0.0,0.5,0.0,0.0,7.5,2.0,2.5,0.0,6.5,0,John Maine
3.157894736,0.0,0.0,0.0,0.0,0.0,0.0,0.0,0.0,0.0,0,Sean Manaea
0.0,13.684210526000001,0.0,0.0,0.0,0.0,0.0,0.0,0.0,0.0,0,Seth Maness
4.5,0.0,8.5,0.0,0.5,0.0,1.764705882,11.882352941,12.0,6.0,0,Shaun Marcum
0.0,29.0,0.0,19.5,0.0,0.0,0.0,0.0,0.0,0.0,0,Carlos Marmol
5.789473684,0.0,9.473684211,0.0,5.789473684,8.421052632,2.105263158,2.631578947,9.473684211,2.631578947,0,German Marquez
20.0,0.0,15.0,0.0,7.0,0.0,0.5,6.0,0.0,2.0,0,Jason Marquis
0.0,19.0,0.0,0.5,0.0,0.0,0.0,0.0,0.0,0.0,0,Sean Marshall
16.315789473,0.0,9.47368421,0.0,14.736842106000001,15.789473684,15.263157894999999,12.105263158,0.0,10.0,0,Carlos Martinez
0.0,18.0,0.0,0.0,0.0,0.0,0.0,0.0,0.0,0.0,0,Nick Masset
6.315789474,0.0,17.058823529,0.0,8.235294118,6.904024767999999,6.160990712,0.526315789,6.842105263,8.947368421,0,Justin Masterson
12.352941176999998,0.0,3.529411765,0.0,2.352941176,8.823529410999999,8.823529412000001,9.411764706,1.176470588,15.294117647,0,Daisuke Matsuzaka
0.0,0.0,2.352941176,0.0,0.0,0.0,0.0,0.0,0.0,0.0,0,Brian Matusz
0.0,1.5789473680000001,0.0,4.210526315,0.0,0.0,0.0,0.0,0.0,0.0,0,Brandon Maurer
0.0,0.0,0.0,0.0,0.0,0.0,2.9411764710000003,0.0,0.0,0.0,0,Brandon McCarthy
0.0,0.0,0.0,0.0,0.0,0.0,0.0,4.0,0.0,0.0,0,Kyle McClellan
0.0,0.0,0.0,0.0,0.0,0.0,0.0,1.052631579,0.0,0.0,0,Lance McCullers
0.0,2.5,0.0,0.0,0.0,0.0,0.0,0.0,0.0,0.0,0,Daniel McCutchen
0.0,0.0,0.0,0.0,0.0,0.0,0.0,2.5,0.0,7.0,0,James McDonald
0.0,13.157894737,0.0,6.8421052630000005,0.0,0.0,0.0,0.0,0.0,0.0,0,Jake McGee
0.0,0.0,0.0,0.0,0.0,0.0,0.0,0.0,0.0,8.235294117999999,0,Dustin McGowan
13.684210527000001,0.0,15.263157894999999,0.0,4.210526316,8.947368421,0.0,8.947368421,7.894736842,0.0,0,Collin McHugh
7.368421053,0.0,0.0,0.0,0.0,0.0,3.684210526,0.0,0.0,0.0,0,Kris Medlen
0.0,1.5,0.0,0.0,0.0,0.0,0.0,0.0,0.0,0.0,0,Evan Meek
0.0,0.0,0.0,4.210526316,0.0,0.0,0.0,0.0,0.0,0.0,0,Jenrry Mejia
0.0,22.631578948,0.0,31.973684211,0.0,0.0,0.0,0.0,0.0,0.0,0,Mark Melancon
0.0,0.0,0.0,0.0,0.0,0.0,0.0,0.0,2.9411764710000003,0.0,0,Luis Mendoza
0.0,3.529411765,0.0,0.0,0.0,0.0,0.0,0.0,0.0,0.0,0,Jose Mijares
10.0,0.0,5.789473684,0.0,7.368421053,0.0,8.421052632,10.0,0.0,1.5789473680000001,0,Miles Mikolas
7.5,0.0,30.52631579,0.0,9.47368421,4.210526316,5.5,1.5,0.0,0.0,0,Wade Miley
0.0,13.684210526000001,0.0,10.526315789,0.0,0.0,0.0,0.0,0.0,0.0,0,Andrew Miller
7.368421053,0.0,10.0,0.0,6.315789474,2.105263157,10.0,3.157894737,0.0,12.631578947,0,Shelby Miller
0.0,14.676470588,0.0,0.0,0.0,0.0,0.0,0.0,0.0,0.0,0,Trever Miller
36.647058823,0.0,34.5,0.0,31.382352941,29.705882353,30.382352941,23.5,8.088235294,12.794117647,0,Kevin Millwood
2.9411764710000003,0.0,0.588235294,0.0,0.0,0.0,1.764705882,0.0,0.0,0.0,0,Tommy Milone
3.684210526,0.0,5.789473684,0.0,5.263157895,2.105263158,2.105263158,2.105263158,0.0,12.210526316,0,Mike Minor
0.0,0.0,0.0,3.157894737,0.0,0.0,0.0,0.0,0.0,0.0,0,A. J. Minter
0.0,0.0,0.0,0.0,0.0,0.0,0.0,0.526315789,0.0,0.0,0,Jordan Montgomery
8.947368421,0.0,3.746130031,0.0,0.0,4.705882353,1.176470588,9.473684211,0.0,6.470588235,0,Matt Moore
0.0,0.526315789,0.0,0.0,0.0,0.0,0.0,0.0,0.0,0.0,0,Reyes Moronta
0.0,0.0,0.0,5.789473684,0.0,9.411764706,0.0,1.764705882,0.0,1.764705882,0,Brandon Morrow
11.052631579,0.0,0.526315789,0.0,0.0,6.8421052630000005,6.842105263,15.789473684,0.0,7.894736842,0,Charlie Morton
0.0,9.0,0.0,0.0,0.0,0.0,0.0,0.0,0.0,0.0,0,Guillermo Mota
0.0,8.0,0.0,3.026315789,0.0,0.0,0.0,0.0,0.0,0.0,0,Jason Motte
49.215686274999996,0.0,46.039215686,0.0,31.676470588999997,12.823529410999999,37.88235294,57.000000001,7.058823529,24.117647059,0,Jamie Moyer
0.0,36.0,0.0,0.0,0.0,0.0,0.0,0.0,0.0,0.0,0,Peter Moylan
0.0,0.0,0.0,7.894736842,0.0,0.0,0.0,0.0,0.0,0.0,0,Edward Mujica
11.0,0.0,25.5,8.0,15.5,23.0,7.0,18.0,0.0,7.0,0,Brett Myers
0.0,0.0,0.0,0.0,0.0,0.0,0.0,1.5,0.0,0.0,0,Chris Narveson
0.0,23.294117647,0.0,75.139318886,0.0,0.0,0.0,9.5,0.0,0.0,0,Joe Nathan
1.5789473680000001,0.0,6.315789474,0.0,0.526315789,5.789473684,6.315789474,5.263157895,0.0,4.736842105,0,Jimmy Nelson
0.0,16.842105263,0.0,6.315789474,0.0,0.0,0.0,0.0,0.0,0.0,0,Hector Neris
0.0,15.015479875999999,0.0,0.0,0.0,0.0,0.0,0.0,0.0,0.0,0,Pat Neshek
2.105263158,0.0,0.0,0.0,0.0,0.0,1.5789473680000001,1.5789473680000001,0.0,5.789473684,0,Sean Newcomb
0.0,10.0,0.0,0.0,0.0,0.0,0.0,0.0,0.0,0.0,0,Juan Nicasio
1.764705882,0.0,0.0,0.0,0.0,0.0,1.764705882,10.0,8.823529412000001,1.764705882,0,Jeff Niemann
0.0,0.0,0.0,0.0,0.0,0.0,4.552631579,0.5,5.263157895,2.0,0,Jonathon Niese
0.0,0.0,0.0,0.0,0.0,0.0,0.0,0.0,1.052631579,0.0,0,Hector Noesi
10.0,0.0,9.473684211,0.0,8.947368421,12.105263158,14.210526316,8.421052632,2.631578947,12.105263158,0,Aaron Nola
12.552631579,0.0,31.631578947999998,0.0,18.44736842,13.5,4.5,10.5,10.157894737,6.0,0,Ricky Nolasco
6.315789474,0.0,0.0,12.631578948,0.0,2.5,0.0,4.736842105,0.0,4.710526316,0,Bud Norris
8.823529412,0.0,3.157894737,0.0,3.684210526,0.0,1.052631579,13.529411764999999,0.0,0.0,0,Ivan Nova
0.0,5.0,0.0,18.5,0.0,0.0,0.0,0.0,0.0,0.0,0,Juan Carlos Oviedo
0.0,8.575851393,0.0,0.0,0.0,0.0,0.0,0.0,0.0,0.0,0,Darren O'Day
0.0,0.0,15.789473685,0.0,0.526315789,5.263157894000001,8.947368421,3.684210526,5.263157895,11.578947368,0,Jake Odorizzi
0.0,15.0,0.0,0.0,0.0,0.0,0.0,0.0,0.0,0.0,0,Eric O'Flaherty
0.588235294,0.0,0.0,0.0,0.0,0.0,0.0,4.117647058999999,0.0,3.529411765,0,Alexi Ogando
0.0,15.0,0.0,0.0,0.0,0.0,0.0,0.0,0.0,0.0,0,Will Ohman
0.0,6.842105263,0.0,8.947368421,0.0,0.0,0.0,0.0,0.0,0.0,0,Seunghwan Oh
4.117647059,0.0,4.176470588,0.0,0.0,0.0,1.176470588,8.235294117999999,0.0,1.0,0,Darren Oliver
9.411764706,0.0,5.7647058819999994,0.0,4.705882353,6.470588235,1.764705882,2.352941176,0.0,7.058823529,0,Ramon Ortiz
0.0,10.52631579,0.0,25.263157895000003,0.0,0.0,0.0,0.0,0.0,0.0,0,Roberto Osuna
44.5,0.0,12.0,0.0,51.0,33.5,39.0,35.0,2.0,14.5,0,Roy Oswalt
0.0,5.263157895,0.0,0.0,0.0,0.0,0.0,0.0,0.0,0.0,0,Dan Otero
0.0,16.315789474,0.0,0.0,0.0,0.0,0.0,0.0,0.0,0.0,0,Adam Ottavino
14.970588235,0.0,10.558823529,0.0,5.0,0.588235294,8.0,4.705882353,0.0,3.0,0,Vicente Padilla
0.0,0.0,0.0,75.28482972200001,0.0,0.0,0.0,0.0,0.0,0.0,0,Jonathan Papelbon
0.0,7.368421053,0.0,3.157894737,0.0,0.0,0.0,0.0,0.0,0.0,0,Blake Parker
2.9411764710000003,0.0,4.210526316,0.0,0.0,0.0,4.117647058999999,7.337461299999999,0.0,8.854489164,0,Jarrod Parker
0.0,4.0,0.0,3.684210526,0.0,0.0,0.0,0.0,0.0,0.0,0,Bobby Parnell
19.5,0.0,20.647058823,0.0,19.676470588,0.0,7.0,7.0,0.0,2.0,0,Carl Pavano
0.526315789,0.0,0.0,0.0,0.0,7.368421052,0.0,10.0,0.0,0.0,0,James Paxton
3.157894737,0.0,0.0,0.0,0.0,2.105263158,0.0,0.0,0.0,0.0,0,Brad Peacock
8.0,0.0,17.705882353,0.0,16.147058824,28.382352941,25.294117647,30.394736842,3.352941176,50.058823529,0,Jake Peavy
7.5,0.0,16.5,0.0,5.5,0.0,1.5,4.5,0.0,0.0,0,Mike Pelfrey
0.0,1.5,0.0,0.0,0.0,0.0,0.0,0.0,0.0,0.0,0,Tony Pena
13.5,0.0,11.0,0.0,6.5,1.5,12.0,6.5,5.0,8.5,0,Brad Penny
0.0,28.823529412,0.0,0.0,0.0,0.0,0.0,0.0,0.0,0.0,0,Joel Peralta
0.0,2.105263158,0.0,0.0,0.0,0.0,0.0,0.0,0.0,0.0,0,Wandy Peralta
7.894736842,0.0,10.0,3.157894737,1.052631579,0.0,0.0,3.684210526,0.0,0.0,0,Wily Peralta
0.0,0.0,0.0,24.736842105999997,0.0,0.0,0.0,0.0,0.0,0.0,0,Chris Perez
3.157894737,0.0,14.210526316,0.0,8.421052632,0.0,0.0,4.210526316,0.0,0.0,0,Martin Perez
6.5,0.0,1.0,0.0,0.0,18.5,13.5,4.0,1.5,25.5,0,Oliver Perez
0.0,21.176470588,0.0,0.0,0.0,0.0,0.0,0.0,0.0,0.0,0,Rafael Perez
0.0,1.764705882,0.0,21.826625387,0.0,0.0,0.0,8.823529412000001,0.0,0.0,0,Glen Perkins
0.0,5.882352940999999,0.0,0.526315789,0.0,0.0,0.0,0.0,0.0,0.0,0,Vinnie Pestano
0.0,8.947368421,0.0,0.0,0.0,0.0,0.0,0.0,0.0,0.0,0,Yusmeiro Petit
0.0,0.0,0.0,2.105263158,0.0,0.0,0.0,0.0,0.0,0.0,0,Jake Petricka
74.85294117800001,0.0,47.941176471,0.0,38.411764706,32.794117646000004,29.499999999000003,53.558823529,18.235294117000002,12.205882353,0,Andy Pettitte
0.526315789,0.0,4.210526316,0.0,0.0,9.59752322,0.0,0.0,1.764705882,7.647058824,0,Michael Pineda
15.558823529000001,0.0,1.5,0.0,7.941176471,4.705882353,10.823529412000001,5.794117647,0.0,7.647058823,0,Joel Pineiro
0.0,0.0,5.789473684,0.0,0.0,6.315789474,0.0,0.0,0.0,0.0,0,Nick Pivetta
8.421052632,0.0,5.789473684,0.0,0.526315789,4.210526316,6.842105263,8.947368421,0.0,4.736842105,0,Drew Pomeranz
33.839009289,0.0,26.904024768,0.0,25.263157895000003,15.263157894999999,11.640866872,23.065015479,3.157894737,8.421052631,0,Rick Porcello
0.0,18.421052632,0.0,0.0,0.0,0.0,0.0,0.0,0.0,0.0,0,Ryan Pressly
49.938080496,0.0,37.956656346,0.0,42.94117647,48.482972137,43.034055728,39.411764706,0.0,33.281733747,0,David Price
0.0,10.0,0.0,0.0,0.0,0.0,0.0,0.0,0.0,0.0,0,Scott Proctor
0.0,10.0,0.0,36.588235294,0.0,0.0,0.0,0.0,0.0,0.0,0,J. J. Putz
0.0,33.0,0.0,10.236842105000001,0.0,0.0,0.0,0.0,0.0,0.0,0,Chad Qualls
7.894736842,0.0,30.52631579,0.0,15.789473684,15.789473684,17.894736841,0.0,0.0,6.315789473,0,Jose Quintana
0.0,0.0,0.0,0.0,0.0,0.0,0.526315789,5.263157895,0.0,2.631578947,0,Erasmo Ramirez
0.0,0.0,0.0,0.0,0.0,0.0,0.0,9.5,0.0,0.0,0,Horacio Ramirez
0.0,1.052631579,0.0,0.0,0.0,0.0,0.0,0.0,0.0,0.0,0,Jose Ramirez
0.0,2.105263158,0.0,0.0,0.0,0.0,0.0,0.0,0.0,0.0,0,Noe Ramirez
0.0,7.647058824,0.0,0.0,0.0,0.0,0.0,0.0,0.0,0.0,0,Ramon Ramirez
0.0,1.052631579,0.0,21.052631579,0.0,0.0,0.0,0.0,0.0,0.0,0,AJ Ramos
0.0,1.764705882,0.0,0.0,0.0,0.0,0.0,0.0,0.0,0.0,0,Clay Rapada
0.0,17.0,0.0,7.529411765000001,0.0,0.0,0.0,0.0,0.0,0.0,0,Jon Rauch
0.0,0.0,0.0,7.647058824,0.0,0.0,0.0,0.0,0.0,0.0,0,Chris Ray
7.368421053,0.0,6.315789474,0.0,0.0,19.473684211,8.421052632,8.421052632,0.0,9.473684211,0,Robbie Ray
0.0,9.473684211,0.0,22.786377708000003,0.0,0.0,0.0,0.0,0.0,0.0,0,Addison Reed
0.0,6.0,0.0,0.0,0.0,0.0,0.0,0.0,0.0,0.0,0,Chris Resop
0.0,14.411764706000001,0.0,0.0,0.0,0.0,0.0,0.0,0.0,0.0,0,Dennys Reyes
0.0,2.5,0.0,0.0,0.0,0.0,0.0,0.0,0.0,0.0,0,Matt Reynolds
0.0,15.882352940999999,0.0,1.176470588,0.0,0.0,0.0,0.0,0.0,0.0,0,Arthur Rhodes
0.0,4.210526316,0.0,0.0,0.0,0.0,0.0,0.0,0.0,0.0,0,Scott Rice
7.5,0.0,16.394736842,0.0,16.315789474,0.0,0.0,2.0,10.0,0.0,0,Clayton Richard
7.8947368419999995,0.0,6.842105263,0.0,5.789473684,6.8421052630000005,8.947368421,8.947368421,0.0,14.210526316,0,Garrett Richards
0.0,15.263157894999999,0.0,14.210526316,0.0,0.0,0.0,0.0,0.0,0.0,0,Felipe Vazquez
0.0,19.411764706,0.0,132.47678018599998,0.0,0.0,0.0,0.0,0.0,0.0,1,Mariano Rivera
17.894736842,0.0,8.947368421,0.0,14.210526316,5.263157895,11.578947369,5.263157895,0.0,10.0,0,Tanner Roark
0.0,12.383900929,0.0,27.894736842999997,0.0,0.0,0.0,0.0,0.0,0.0,0,David Robertson
0.0,22.352941176,0.0,62.291021671,0.0,0.0,0.0,0.0,0.0,0.0,0,Fernando Rodney
0.0,0.0,0.0,0.0,0.0,3.157894737,0.0,0.0,0.0,0.0,0,Carlos Rodon
4.210526316,0.0,0.0,0.0,0.0,0.0,0.0,10.0,0.0,0.0,0,Eduardo Rodriguez
0.0,26.294117647,0.0,83.492260062,0.0,0.0,0.0,0.0,0.0,0.0,0,Francisco Rodriguez
0.0,0.0,0.0,0.5,0.0,0.0,0.0,0.0,0.0,0.0,0,Henry Rodriguez
0.0,8.947368421,0.0,0.0,0.0,0.0,0.0,0.0,0.0,0.0,0,Paco Rodriguez
4.5,0.0,8.0,0.0,7.0,13.0,7.0,0.0,11.0,3.0,0,Wandy Rodriguez
0.0,10.0,0.0,0.0,0.0,0.0,0.0,0.0,0.0,0.0,0,Taylor Rogers
0.0,32.705882352,0.0,0.0,0.0,0.0,0.0,0.0,0.0,0.0,0,J. C. Romero
8.235294116999999,0.0,9.411764705,0.0,8.823529412000001,5.882352941,7.058823529,1.764705882,2.9411764710000003,8.823529410999999,0,Ricky Romero
0.0,8.421052632,0.0,19.921052632,0.0,0.0,0.0,0.0,0.0,0.0,0,Sergio Romo
0.0,3.684210526,0.0,17.894736842,0.0,0.0,0.0,0.0,0.0,0.0,0,Hector Rondon
0.0,8.947368421,0.0,21.05263158,0.0,0.0,0.0,0.0,0.0,0.0,0,Trevor Rosenthal
1.052631579,0.0,10.0,0.0,3.684210526,13.684210527,7.894736842,0.0,0.0,13.684210526000001,0,Tyson Ross
0.0,12.763157894999999,0.0,0.0,0.0,0.0,0.0,0.0,0.0,0.0,0,James Russell
9.473684211,0.0,0.0,0.0,0.0,0.0,6.315789474,11.578947369,0.0,0.0,0,Hyun-Jin Ryu
0.0,7.894736842,0.0,0.0,0.0,0.0,0.0,0.0,0.0,0.0,0,Marc Rzepczynski
68.57585139300001,0.0,50.681114551,0.0,47.089783282999996,63.281733745000004,49.814241486,61.950464398,19.287925697,51.702786377,1,CC Sabathia
0.0,1.0,0.0,18.5,0.0,0.0,0.0,0.0,0.0,0.0,0,Takashi Saito
0.0,7.368421053,0.0,4.0,0.0,0.0,0.0,0.0,0.0,0.0,0,Fernando Salas
6.315789474,0.0,0.0,0.0,0.0,6.842105263,4.210526316,6.315789474,0.0,7.368421053,0,Danny Salazar
31.919504644999996,0.0,11.052631579,0.0,36.037151702,60.030959753,45.077399381999996,35.541795667,24.024767802,44.489164088,0,Chris Sale
0.526315789,5.5,30.526315789999998,0.0,33.684210526,22.973684211,1.052631579,0.0,17.368421053,6.052631578,0,Jeff Samardzija
5.789473684,0.0,0.0,0.0,2.105263158,0.0,10.0,10.0,0.0,7.894736842,0,Aaron Sanchez
8.315789473999999,0.0,0.0,0.0,0.0,14.868421052999999,10.0,4.736842105,6.5,7.368421053,0,Anibal Sanchez
2.0,0.0,7.5,0.0,0.0,10.5,4.0,1.0,1.0,8.5,0,Jonathan Sanchez
0.0,0.526315789,0.0,0.0,0.0,0.0,0.0,0.0,0.0,0.0,0,Edgar Santana
29.287925696000002,0.0,37.863777088999996,0.0,38.328173375,19.845201238,25.417956655999998,21.547987615,18.606811145,34.086687306,0,Ervin Santana
40.176470589,0.0,31.0,0.0,36.882352941,57.735294118,46.382352941,36.382352941,5.294117647,48.323529412,0,Johan Santana
4.210526316,0.0,15.263157894999999,0.0,0.0,2.105263158,2.105263158,0.0,0.0,7.368421052,0,Hector Santiago
0.0,0.0,0.0,5.882352941000001,0.0,0.0,0.0,0.0,0.0,0.0,0,Sergio Santos
13.529411763999999,0.0,12.710526316,0.0,5.176470588,0.0,6.470588235,15.882352941999999,5.882352941000001,3.529411765,0,Joe Saunders
0.0,8.947368421,0.0,0.0,0.0,0.0,0.0,0.0,0.0,0.0,0,Tanner Scheppers
67.027863777,0.0,54.92260062,0.0,51.578947368,76.68885449000001,50.619195047,56.160990713,0.0,55.57275541999999,1,Max Scherzer
14.736842105000001,0.0,9.473684211,0.0,11.052631579,14.736842106000001,14.736842105000001,12.105263158,0.0,11.578947368,0,Luis Severino
0.0,42.105263158,0.0,0.0,0.0,0.0,0.0,0.0,0.0,0.0,0,Bryan Shaw
1.5,0.0,25.5,0.0,23.5,16.5,17.0,10.5,0.0,11.5,0,Ben Sheets
0.0,14.117647059,0.0,10.588235294,0.0,0.0,0.0,0.0,0.0,0.0,0,George Sherrill
26.53250774,0.0,78.359133128,0.0,69.690402477,55.356037152,26.934984521,19.752321982,7.058823529,21.331269349000003,0,James Shields
8.421052632,0.0,0.0,0.0,0.0,0.0,0.0,10.0,0.0,0.0,0,Matt Shoemaker
0.0,10.0,0.0,0.526315789,0.0,0.0,0.0,0.0,0.0,0.0,0,Kevin Siegrist
10.52631579,0.0,5.263157895,2.352941176,0.526315789,0.0,0.526315789,3.157894737,0.0,0.526315789,0,Alfredo Simon
0.0,11.176470588,0.0,0.0,0.0,0.0,0.0,0.0,0.0,0.0,0,Tony Sipp
0.0,0.0,0.0,0.0,0.0,0.0,0.0,6.470588235,0.0,0.0,0,Kevin Slowey
0.0,5.789473684,0.0,1.052631579,0.0,0.0,0.0,0.0,0.0,0.0,0,Carson Smith
0.0,41.012383901,0.0,2.631578947,0.0,0.0,0.0,0.0,0.0,0.0,0,Joe Smith
0.0,17.894736842,0.0,2.105263158,0.0,0.0,0.0,0.0,0.0,0.0,0,Will Smith
0.0,0.0,0.0,0.0,0.0,2.105263158,0.0,0.0,0.0,0.0,0,Drew Smyly
10.0,0.0,3.157894737,0.0,3.157894737,7.368421053,10.0,9.473684211,0.0,10.0,0,Blake Snell
0.588235294,0.0,2.352941176,0.0,0.0,0.0,0.0,0.588235294,0.0,0.0,0,Andy Sonnanstine
0.0,5.789473684,0.0,46.811145511,0.0,0.0,0.0,0.0,0.0,0.0,0,Joakim Soria
0.0,6.0,0.0,40.086687307,0.0,0.0,0.0,0.0,0.0,0.0,0,Rafael Soriano
0.0,6.315789474,0.0,0.0,0.0,0.0,0.0,0.0,0.0,0.0,0,Craig Stammen
0.0,2.631578947,0.0,0.0,0.0,0.0,0.0,0.0,0.0,0.0,0,Drew Steckenrider
0.0,2.5,0.0,14.289473683999999,0.0,0.0,0.0,0.0,0.0,0.0,0,Drew Storen
3.157894737,0.0,11.578947368,0.0,6.8421052630000005,2.631578947,1.5789473680000001,4.210526316,10.0,9.47368421,0,Dan Straily
20.842105263999997,0.0,10.0,0.0,8.421052631,33.315789474,17.368421053,33.342105263,10.526315789,18.421052632,0,Stephen Strasburg
0.0,4.117647058999999,0.0,61.569659443999996,0.0,0.0,0.0,0.0,0.0,0.0,0,Huston Street
0.0,3.684210526,0.0,2.105263158,0.0,0.0,0.0,0.0,0.0,0.0,0,Hunter Strickland
3.157894737,0.0,13.157894737,0.0,14.210526316,4.736842105,8.421052632,5.789473684000001,0.0,3.157894737,0,Marcus Stroman
0.0,11.764705882,0.0,1.052631579,0.0,0.0,0.0,0.0,0.0,0.0,0,Pedro Strop
0.0,0.0,13.684210527000001,0.0,4.736842105,0.0,0.0,0.0,0.0,0.0,0,Eric Stults
15.5,0.0,31.176470588,0.0,19.205882353,0.0,4.088235294,11.0,3.0,0.0,0,Jeff Suppan
6.8421052630000005,0.0,0.0,0.0,1.052631579,8.421052632,8.947368421,10.52631579,3.684210526,1.5789473680000001,0,Noah Syndergaard
5.789473684,0.0,5.789473684,0.0,4.736842105,4.210526316,5.789473684,4.210526316,0.0,0.0,0,Jameson Taillon
0.0,0.0,0.0,0.0,0.0,0.0,0.0,4.5,0.0,0.0,0,Hisanori Takahashi
11.578947367,0.0,1.052631579,0.0,6.8421052630000005,6.842105263,9.47368421,23.684210527,0.0,7.368421052,0,Masahiro Tanaka
0.0,8.947368421,0.0,0.0,0.0,0.0,0.0,0.0,0.0,0.0,0,Junichi Tazawa
9.473684211,0.0,27.368421053,0.0,20.526315789999998,8.94736842,12.105263157,7.3684210530000005,0.0,22.105263159,0,Julio Teheran
0.0,8.421052632,0.0,0.0,0.0,0.0,0.0,0.0,0.0,0.0,0,Ryan Tepera
0.0,3.157894737,0.0,0.0,0.0,0.0,0.0,0.0,0.0,0.0,0,Joe Thatcher
0.0,1.5789473680000001,0.0,0.0,0.0,0.0,0.0,0.0,0.0,0.0,0,Dale Thayer
0.0,20.0,0.0,0.0,0.0,0.0,0.0,0.0,0.0,0.0,0,Matt Thornton
0.0,0.0,0.0,0.526315789,0.0,0.0,0.0,0.0,0.0,0.0,0,Tyler Thornburg
15.789473683999999,0.0,19.473684211,0.0,7.368421052,3.684210526,4.736842105,20.526315789999998,3.684210526,14.210526316,0,Chris Tillman
0.0,7.894736842,0.0,7.894736842,0.0,0.0,0.0,0.0,0.0,0.0,0,Shawn Tolleson
0.5,0.0,11.5,0.0,2.5,2.5,0.0,6.0,0.0,4.0,0,Brett Tomko
4.210526316,0.0,0.0,0.0,0.0,0.0,0.0,7.461300309,0.0,0.0,0,Josh Tomlin
0.0,1.5789473680000001,0.0,0.0,0.0,0.0,0.0,0.0,0.0,0.0,0,Alex Torres
0.0,8.421052631,0.0,0.0,0.0,0.0,0.0,0.0,0.0,0.0,0,Carlos Torres
0.0,4.210526316,0.0,11.578947368,0.0,0.0,0.0,0.0,0.0,0.0,0,Blake Treinen
0.0,2.105263158,0.0,0.0,0.0,0.0,0.0,0.0,0.0,0.0,0,Lou Trivino
0.0,2.5,0.0,0.0,0.0,0.0,0.0,0.0,0.0,0.0,0,Ramon Troncoso
0.0,6.842105263,0.0,15.325077398999998,0.0,0.0,0.0,0.0,0.0,0.0,0,Koji Uehara
5.263157895,0.0,1.052631579,0.0,0.0,0.0,3.684210526,5.263157895,0.0,8.421052632,0,Jose Urena
0.0,17.529411765,0.0,37.431888544,0.0,0.0,0.0,0.0,0.0,0.0,0,Jose Valverde
13.529411764999999,0.0,16.377708977999998,0.0,9.690402476,0.0,3.157894737,2.105263158,0.0,3.86996904,0,Jason Vargas
30.0,0.0,41.352941177,0.0,51.764705882,73.55882353,19.676470588,11.029411764999999,5.294117647,32.911764705,0,Javier Vazquez
0.0,8.5,0.0,0.0,0.0,0.0,0.0,0.0,0.0,0.0,0,Jonny Venters
6.8421052630000005,0.0,4.210526316,0.0,0.0,1.5789473680000001,5.263157895,2.631578947,0.0,3.1578947370000003,0,Yordano Ventura
0.0,10.0,0.0,3.157894737,0.0,0.0,0.0,0.0,0.0,0.0,0,Jose Veras
81.23839009399998,0.0,91.33126935199999,0.0,82.87925696799999,83.374613004,68.018575852,54.055727554,2.631578947,66.842105264,1,Justin Verlander
0.0,4.210526316,0.0,0.0,0.0,0.0,0.0,0.0,0.0,0.0,0,Nick Vincent
0.0,0.0,0.0,7.894736842,0.0,0.0,0.0,0.0,0.0,0.0,0,Arodys Vizcaino
7.0,0.0,4.210526316,0.0,0.0,0.0,13.5,9.5,8.5,8.5,0,Ryan Vogelsong
14.263157894999999,0.0,29.236842105999997,0.0,4.210526316,11.5,11.763157893999999,16.368421052000002,6.8421052630000005,21.342105263,0,Edinson Volquez
9.47368421,0.0,0.0,0.0,0.0,0.0,3.684210526,8.947368421,0.0,3.684210526,0,Michael Wacha
40.131578947,0.0,36.157894737,0.0,39.315789474,32.578947368,38.789473684,39.184210527,2.0,18.947368421,0,Adam Wainwright
30.588235295000004,0.0,18.235294117000002,2.9411764710000003,10.588235294,14.117647059,20.588235294,25.882352941,10.588235294,47.05882353,0,Tim Wakefield
0.0,0.0,0.0,7.647058824,0.0,0.0,0.0,0.0,0.0,0.0,0,Jordan Walden
0.0,0.0,0.0,0.0,0.0,1.5789473680000001,0.0,0.526315789,0.0,0.0,0,Taijuan Walker
19.411764706,0.0,7.058823529,0.0,7.647058824,0.0,8.235294117,18.235294118,0.0,0.0,0,Chien-Ming Wang
0.0,28.421052631,0.0,2.105263158,0.0,0.0,0.0,0.0,0.0,0.0,0,Tony Watson
36.873065015,0.0,35.294117647,0.0,26.965944273,23.86996904,31.176470588999997,30.495356036000004,9.411764706,33.684210526,0,Jered Weaver
0.0,0.0,8.5,0.0,0.0,0.0,5.0,0.0,0.0,5.5,0,Kip Wells
0.5,0.0,0.0,0.0,0.0,0.0,5.5,0.0,0.0,0.0,0,Randy Wells
14.117647058000001,0.0,18.5,0.0,14.705882353,0.0,10.0,5.117647057999999,5.294117647,3.529411765,0,Jake Westbrook
0.0,10.794117647,0.0,3.852941176,0.0,0.0,0.0,0.0,0.0,0.0,0,Dan Wheeler
2.105263158,0.0,4.210526316,0.0,3.684210526,9.473684211,4.736842105,5.789473684,0.0,8.947368421,0,Zach Wheeler
0.0,6.470588235,0.0,11.73374613,0.0,0.0,0.0,0.0,0.0,0.0,0,Tom Wilhelmsen
6.0,0.0,15.0,0.0,20.0,3.0,12.5,16.0,9.0,4.0,0,Dontrelle Willis
5.789473684,0.0,1.052631579,0.0,0.0,0.0,6.842105263,4.210526316,0.0,5.263157895,0,Trevor Williams
0.0,1.5,0.0,26.0,0.0,0.0,0.0,0.0,0.0,0.0,0,Brian Wilson
25.356037152,8.235294117999999,36.65634675,8.235294116999999,14.613003096,17.089783281,15.448916408000002,19.597523221000003,6.996904024,22.167182662000002,0,C. J. Wilson
0.0,15.789473683999999,0.0,2.631578947,0.0,0.0,0.0,0.0,0.0,0.0,0,Justin Wilson
0.0,0.526315789,0.0,0.0,0.0,0.0,0.0,0.0,0.0,0.0,0,Dan Winkler
14.5,0.0,33.0,0.0,22.5,14.0,12.0,10.5,0.5,21.5,0,Randy Wolf
10.52631579,0.0,5.263157895,0.0,1.5789473680000001,1.052631579,5.263157895,10.0,8.421052632,4.210526316,0,Alex Wood
0.0,0.526315789,0.0,0.0,0.0,0.0,0.0,0.0,0.0,0.0,0,Blake Wood
5.0,0.0,7.5,12.617647059,9.5,27.5,16.5,14.0,4.0,19.5,0,Kerry Wood
0.0,7.368421053,5.789473684,0.0,2.105263158,0.0,4.210526316,0.0,0.0,7.368421053,0,Travis Wood
0.0,8.823529412000001,10.0,0.0,0.0,0.0,0.0,0.0,0.0,2.0,0,Jamey Wright
4.210526316,0.0,0.0,0.0,0.0,0.0,0.0,6.842105263,0.0,0.0,0,Steven Wright
0.0,10.131578947,0.0,0.0,0.0,0.0,0.0,0.0,0.0,0.0,0,Wesley Wright
0.0,13.235294117999999,0.0,0.0,0.0,0.0,0.0,0.0,0.0,0.0,0,Michael Wuertz
6.842105263,0.0,0.0,0.0,0.0,0.0,0.0,6.842105263,0.0,0.0,0,Ryan Yarbrough
0.0,0.0,0.0,0.0,0.0,6.5,15.5,15.439628483,2.5,11.133126935,0,Chris Young
26.0,0.0,20.5,0.0,28.5,33.5,30.5,41.5,0.0,47.0,0,Carlos Zambrano
0.0,28.676470588,0.0,10.588235293999999,0.0,0.0,0.0,0.0,0.0,0.0,0,Brad Ziegler
18.421052632,0.0,24.0,0.0,14.736842105000001,3.684210526,15.947368419999998,21.973684211,3.0,1.5789473680000001,0,Jordan Zimmermann
31.647058823000002,0.0,81.235294118,0.0,38.235294118999995,31.176470588999997,25.882352941,22.647058824,5.441176471,47.264705883,0,Barry Zito
